Timestamp,Hallsberg,Karlskoga,Lindesberg,Örebro Bolundsängen,Örebro Conventum
2021-05-01 16:10:06,15,22,66,0,0
2021-05-01 16:15:12,15,22,66,0,0
2021-05-01 16:30:26,15,22,66,0,0
2021-05-01 16:45:29,15,22,66,0,0
2021-05-01 17:00:32,14,21,64,0,0
2021-05-01 17:15:36,15,21,64,0,0
2021-05-01 17:30:39,13,20,64,0,0
2021-05-01 17:45:43,14,19,66,0,0
2021-05-01 18:00:46,13,19,66,0,0
2021-05-01 18:15:50,12,18,66,0,0
2021-05-01 18:30:53,12,19,66,0,0
2021-05-01 18:45:57,10,18,66,0,0
2021-05-01 19:01:00,10,17,64,0,0
2021-05-01 19:16:04,10,15,64,0,0
2021-05-01 19:31:08,10,13,64,0,0
2021-05-01 19:46:12,9,12,58,0,0
2021-05-01 20:01:15,9,10,58,0,0
2021-05-01 20:16:19,8,8,58,0,0
2021-05-01 20:31:22,8,8,58,0,0
2021-05-01 20:46:26,8,7,58,0,0
2021-05-01 21:01:29,8,8,58,0,0
2021-05-01 21:16:33,8,7,58,0,0
2021-05-01 21:31:36,7,6,58,0,0
2021-05-01 21:46:40,7,5,56,0,0
2021-05-01 22:01:43,6,5,56,0,0
2021-05-01 22:16:47,6,3,56,0,0
2021-05-01 22:31:50,6,3,56,0,0
2021-05-01 22:46:54,5,5,54,0,0
2021-05-01 23:01:58,4,3,46,0,0
2021-05-01 23:17:01,4,2,48,0,0
2021-05-01 23:32:05,3,2,46,0,0
2021-05-01 23:47:08,3,0,48,0,0
2021-05-02 00:02:12,61,86,142,0,68
2021-05-02 00:17:16,61,85,142,0,67
2021-05-02 00:32:20,61,85,142,0,68
2021-05-02 00:47:24,61,85,142,0,68
2021-05-02 01:02:27,61,85,142,0,67
2021-05-02 01:17:31,61,85,142,0,67
2021-05-02 01:32:35,61,85,142,0,67
2021-05-02 01:47:38,61,85,142,0,67
2021-05-02 02:02:42,61,85,142,0,67
2021-05-02 02:17:45,61,84,142,0,67
2021-05-02 02:32:49,61,84,142,0,67
2021-05-02 02:47:52,61,85,142,0,67
2021-05-02 03:02:56,61,85,142,0,67
2021-05-02 03:18:00,61,85,142,0,67
2021-05-02 03:33:03,61,85,142,0,67
2021-05-02 03:48:07,61,84,142,0,67
2021-05-02 04:03:10,61,84,142,0,67
2021-05-02 04:18:14,61,85,142,0,67
2021-05-02 04:33:17,61,85,142,0,67
2021-05-02 04:48:21,61,85,142,0,66
2021-05-02 05:03:25,61,85,142,0,66
2021-05-02 05:18:29,61,85,142,0,66
2021-05-02 05:33:32,61,85,142,0,66
2021-05-02 05:48:36,61,85,142,0,66
2021-05-02 06:03:40,61,85,142,0,66
2021-05-02 06:18:43,61,85,142,0,66
2021-05-02 06:33:47,61,85,142,0,66
2021-05-02 06:48:50,61,85,142,0,65
2021-05-02 07:03:54,61,83,142,0,65
2021-05-02 07:18:58,61,85,140,0,65
2021-05-02 07:34:02,60,85,138,0,65
2021-05-02 07:49:05,60,83,138,0,65
2021-05-02 08:04:09,59,84,138,0,65
2021-05-02 08:19:13,59,84,138,0,65
2021-05-02 08:34:17,59,83,138,0,64
2021-05-02 08:49:20,59,81,138,0,63
2021-05-02 09:04:24,59,81,134,0,61
2021-05-02 09:19:27,58,81,134,0,62
2021-05-02 09:34:31,58,81,134,0,60
2021-05-02 09:49:35,58,79,134,0,60
2021-05-02 10:04:38,58,81,134,0,60
2021-05-02 10:19:42,58,80,130,0,58
2021-05-02 10:34:46,56,79,130,0,58
2021-05-02 10:49:50,58,79,128,0,57
2021-05-02 11:04:54,59,78,134,0,57
2021-05-02 11:19:58,57,76,130,0,57
2021-05-02 11:35:01,57,76,130,0,56
2021-05-02 11:50:05,57,75,130,0,56
2021-05-02 12:05:09,57,76,130,0,56
2021-05-02 12:20:13,57,76,130,0,56
2021-05-02 12:35:16,57,75,132,0,56
2021-05-02 13:15:17,56,74,130,0,56
2021-05-02 13:30:01,56,74,130,0,54
2021-05-02 13:45:04,56,74,130,0,54
2021-05-02 13:45:05,56,74,130,0,54
2021-05-02 13:45:12,56,74,130,0,54
2021-05-02 13:45:20,56,74,130,0,54
2021-05-02 13:45:20,56,74,130,0,54
2021-05-02 11:45:23,56,74,130,0,54
2021-05-02 13:45:28,56,74,130,0,54
2021-05-02 13:45:32,56,74,130,0,54
2021-05-02 13:46:41,56,74,130,0,54
2021-05-02 14:00:07,55,74,130,0,54
2021-05-02 14:00:09,55,74,130,0,54
2021-05-02 14:00:16,55,74,130,0,54
2021-05-02 14:00:23,55,74,130,0,54
2021-05-02 14:00:24,55,74,130,0,54
2021-05-02 12:00:27,55,74,130,0,54
2021-05-02 14:00:31,55,74,130,0,54
2021-05-02 14:00:35,55,74,130,0,54
2021-05-02 14:01:45,55,74,130,0,54
2021-05-02 14:15:58,56,73,128,0,54
2021-05-02 14:30:18,56,73,128,0,54
2021-05-02 14:31:03,56,73,128,0,54
2021-05-02 14:45:21,54,73,128,0,54
2021-05-02 14:46:06,54,73,128,0,54
2021-05-02 15:00:04,54,72,128,0,54
2021-05-02 15:00:25,54,72,128,0,54
2021-05-02 15:01:09,54,72,128,0,54
2021-05-02 15:15:03,53,71,128,0,54
2021-05-02 15:15:07,53,71,128,0,54
2021-05-02 15:15:28,53,71,128,0,54
2021-05-02 15:16:12,53,71,128,0,54
2021-05-02 15:30:06,53,71,128,0,53
2021-05-02 15:30:10,53,71,128,0,53
2021-05-02 15:30:27,53,71,128,0,53
2021-05-02 15:30:32,53,71,128,0,53
2021-05-02 15:31:16,53,71,128,0,53
2021-05-02 15:45:08,53,71,128,0,53
2021-05-02 15:45:12,53,71,128,0,53
2021-05-02 15:45:31,53,71,128,0,53
2021-05-02 15:45:35,53,71,128,0,53
2021-05-02 15:46:19,53,71,128,0,53
2021-05-02 16:00:09,53,72,128,0,53
2021-05-02 16:00:11,53,72,128,0,53
2021-05-02 16:00:15,53,72,128,0,53
2021-05-02 16:00:33,53,72,128,0,53
2021-05-02 16:00:38,53,72,128,0,53
2021-05-02 16:01:22,53,72,128,0,53
2021-05-02 16:15:15,54,71,128,0,53
2021-05-02 16:30:18,53,71,126,0,51
2021-05-02 16:45:21,53,71,126,0,51
2021-05-02 17:00:24,52,71,126,0,51
2021-05-02 17:15:26,51,71,126,0,51
2021-05-02 17:30:29,51,71,124,0,51
2021-05-02 17:45:32,51,71,122,0,51
2021-05-02 18:00:34,51,71,122,0,51
2021-05-02 18:15:37,51,70,122,0,51
2021-05-02 18:30:39,50,70,118,0,50
2021-05-02 18:45:42,48,67,118,0,49
2021-05-02 19:00:45,49,67,118,0,48
2021-05-02 19:15:49,48,66,120,0,48
2021-05-02 19:30:52,48,65,120,0,48
2021-05-02 19:45:55,48,65,120,0,48
2021-05-02 20:00:57,49,64,120,0,47
2021-05-02 20:16:01,48,65,120,0,47
2021-05-02 20:31:04,48,64,120,0,46
2021-05-02 20:46:07,48,63,120,0,45
2021-05-02 21:01:10,48,62,120,0,45
2021-05-02 21:16:12,46,62,122,0,45
2021-05-02 21:31:16,46,61,122,0,45
2021-05-02 21:46:19,46,61,122,0,45
2021-05-02 22:01:22,46,60,120,0,45
2021-05-02 22:16:25,47,59,120,0,45
2021-05-02 22:31:29,46,59,118,0,43
2021-05-02 22:46:31,46,59,118,0,43
2021-05-02 23:01:34,45,59,118,0,43
2021-05-02 23:16:37,45,59,118,0,43
2021-05-02 23:31:39,45,59,118,0,43
2021-05-02 23:46:42,45,59,116,0,43
2021-05-03 00:01:45,45,59,162,85,43
2021-05-03 00:16:49,44,58,162,84,43
2021-05-03 00:31:52,44,58,162,84,43
2021-05-03 00:46:55,44,58,162,84,43
2021-05-03 01:01:57,44,58,162,83,43
2021-05-03 01:17:00,44,58,162,83,43
2021-05-03 01:32:03,44,58,162,83,43
2021-05-03 01:47:06,44,58,162,83,43
2021-05-03 02:02:09,44,58,162,83,43
2021-05-03 02:17:12,44,58,162,83,43
2021-05-03 02:32:15,44,58,162,83,43
2021-05-03 02:47:18,44,58,162,83,43
2021-05-03 03:02:21,44,58,162,83,43
2021-05-03 03:17:23,44,58,162,83,43
2021-05-03 03:32:26,44,58,162,83,43
2021-05-03 03:47:29,44,58,160,83,43
2021-05-03 04:02:32,44,58,160,83,43
2021-05-03 04:17:35,44,58,160,83,43
2021-05-03 04:32:38,44,58,160,83,43
2021-05-03 04:47:41,45,58,160,82,43
2021-05-03 05:02:45,45,58,160,82,43
2021-05-03 05:17:48,46,58,160,82,43
2021-05-03 05:32:52,47,58,160,82,43
2021-05-03 05:47:55,47,58,160,82,41
2021-05-03 06:02:58,46,58,160,82,41
2021-05-03 06:18:01,46,58,160,81,40
2021-05-03 06:33:04,45,58,158,80,39
2021-05-03 06:48:06,43,58,160,77,40
2021-05-03 07:03:14,44,57,158,77,38
2021-05-03 07:18:17,43,57,156,77,37
2021-05-03 07:33:20,43,54,148,75,38
2021-05-03 07:48:24,42,55,150,72,36
2021-05-03 08:03:27,41,53,148,72,35
2021-05-03 08:18:30,42,54,150,72,35
2021-05-03 08:33:34,42,55,148,70,36
2021-05-03 08:48:38,41,55,144,68,36
2021-05-03 09:03:40,41,56,146,66,34
2021-05-03 09:18:44,41,54,146,65,34
2021-05-03 09:33:47,41,53,146,65,34
2021-05-03 09:48:49,41,52,144,62,34
2021-05-03 10:03:52,40,52,144,61,34
2021-05-03 10:18:55,39,51,144,59,33
2021-05-03 10:33:58,40,51,144,59,31
2021-05-03 10:49:02,39,50,140,58,31
2021-05-03 11:04:06,41,50,140,57,31
2021-05-03 11:19:10,40,47,140,54,31
2021-05-03 11:34:13,38,49,140,52,31
2021-05-03 11:49:18,38,48,140,54,91
2021-05-03 12:04:21,37,45,142,50,90
2021-05-03 12:19:25,37,44,138,47,88
2021-05-03 12:34:28,36,44,137,47,89
2021-05-03 12:49:32,34,44,136,47,89
2021-05-03 13:04:35,35,46,136,44,89
2021-05-03 13:19:39,35,46,132,41,89
2021-05-03 13:34:42,35,47,134,40,89
2021-05-03 13:49:46,36,43,132,39,88
2021-05-03 14:04:50,33,45,132,38,87
2021-05-03 14:19:54,33,41,132,36,87
2021-05-03 14:34:57,33,42,128,34,86
2021-05-03 14:50:01,32,39,130,33,85
2021-05-03 15:05:05,32,39,128,31,84
2021-05-03 15:20:08,32,39,128,32,84
2021-05-03 15:35:13,32,39,128,30,83
2021-05-03 15:50:15,32,39,128,29,83
2021-05-03 16:05:19,30,38,130,27,83
2021-05-03 16:20:23,30,39,126,26,83
2021-05-03 16:35:27,30,39,130,22,82
2021-05-03 16:50:31,34,38,130,20,81
2021-05-03 17:05:34,37,39,130,18,81
2021-05-03 17:20:39,35,37,128,17,81
2021-05-03 17:35:42,33,38,126,17,80
2021-05-03 17:50:47,32,38,126,16,80
2021-05-03 18:05:50,31,39,126,15,80
2021-05-03 18:20:55,29,38,126,16,80
2021-05-03 18:35:58,29,37,126,13,81
2021-05-03 18:51:02,29,38,126,12,80
2021-05-03 19:06:06,29,36,126,13,80
2021-05-03 19:21:09,27,37,126,13,78
2021-05-03 19:36:14,30,36,126,11,78
2021-05-03 19:51:18,30,36,128,12,79
2021-05-03 20:06:23,29,37,128,11,79
2021-05-03 20:21:26,29,36,126,11,79
2021-05-03 20:36:30,28,37,124,10,79
2021-05-03 20:51:35,28,35,124,10,78
2021-05-03 21:06:38,30,35,124,10,78
2021-05-03 21:21:42,28,35,124,9,78
2021-05-03 21:36:45,28,34,124,9,79
2021-05-03 21:51:50,28,33,124,8,79
2021-05-03 22:06:53,28,35,122,7,79
2021-05-03 22:21:58,28,34,122,6,79
2021-05-03 22:37:00,28,34,122,6,79
2021-05-03 22:52:03,28,33,122,5,78
2021-05-03 23:07:06,28,33,122,6,79
2021-05-03 23:22:11,28,33,122,6,79
2021-05-03 23:37:14,28,33,120,5,79
2021-05-03 23:52:18,27,33,120,4,79
2021-05-04 00:07:21,69,33,120,5,79
2021-05-04 00:22:26,69,33,120,4,79
2021-05-04 00:37:29,69,33,120,5,79
2021-05-04 00:52:33,69,33,120,5,79
2021-05-04 01:07:37,69,33,120,5,79
2021-05-04 01:22:41,69,33,120,5,79
2021-05-04 01:37:44,69,33,118,5,79
2021-05-04 01:52:47,69,33,120,5,79
2021-05-04 02:07:52,69,33,120,5,79
2021-05-04 02:22:55,69,33,120,5,79
2021-05-04 02:37:58,69,33,120,5,79
2021-05-04 02:53:01,69,33,120,5,78
2021-05-04 03:08:04,69,33,120,5,78
2021-05-04 03:23:07,69,33,120,5,78
2021-05-04 03:38:11,69,33,120,3,78
2021-05-04 03:53:14,69,33,120,3,78
2021-05-04 04:08:18,69,33,120,3,77
2021-05-04 04:23:21,69,33,120,3,77
2021-05-04 04:38:25,69,33,120,3,77
2021-05-04 04:53:27,69,33,120,3,77
2021-05-04 05:08:31,69,33,120,3,77
2021-05-04 05:23:34,69,33,120,3,77
2021-05-04 05:38:38,69,33,120,3,77
2021-05-04 05:53:41,69,33,122,3,77
2021-05-04 06:08:45,70,33,122,2,77
2021-05-04 06:23:49,70,33,122,2,76
2021-05-04 06:38:53,70,33,122,3,77
2021-05-04 06:53:57,70,33,124,3,77
2021-05-04 07:09:02,71,34,124,2,76
2021-05-04 07:24:05,71,34,124,1,77
2021-05-04 07:39:09,72,34,122,0,76
2021-05-04 07:54:13,71,34,124,1,75
2021-05-04 08:09:17,73,34,126,0,74
2021-05-04 08:24:21,74,33,126,0,76
2021-05-04 08:39:24,73,34,122,0,75
2021-05-04 08:54:29,71,35,122,0,74
2021-05-04 09:09:32,69,35,120,0,75
2021-05-04 09:24:36,68,32,116,0,73
2021-05-04 09:39:39,69,33,114,0,73
2021-05-04 09:54:44,70,34,116,0,73
2021-05-04 10:09:48,69,32,116,0,73
2021-05-04 10:24:51,69,32,116,1,73
2021-05-04 10:39:55,69,34,116,0,72
2021-05-04 10:54:59,67,34,116,0,72
2021-05-04 11:10:02,68,33,116,0,71
2021-05-04 11:25:07,66,32,116,0,71
2021-05-04 11:40:10,68,32,118,0,70
2021-05-04 11:55:14,67,32,116,0,70
2021-05-04 12:10:17,65,30,118,0,70
2021-05-04 12:25:22,66,31,118,0,69
2021-05-04 12:40:26,66,28,120,1,69
2021-05-04 12:55:30,64,29,118,0,68
2021-05-04 13:10:35,64,31,118,0,67
2021-05-04 13:25:39,63,31,116,0,66
2021-05-04 13:40:43,64,29,116,0,67
2021-05-04 13:55:48,63,29,120,0,65
2021-05-04 14:10:53,63,27,118,0,64
2021-05-04 14:25:57,64,28,118,0,67
2021-05-04 14:41:02,64,27,120,0,65
2021-05-04 14:56:10,64,24,116,0,63
2021-05-04 15:11:13,61,21,108,0,57
2021-05-04 15:26:17,54,17,104,0,50
2021-05-04 15:41:20,45,11,96,0,40
2021-05-04 15:56:25,43,4,98,0,35
2021-05-04 16:11:30,36,2,94,0,29
2021-05-04 16:26:33,29,0,84,0,26
2021-05-04 16:41:36,27,0,74,0,21
2021-05-04 16:56:40,18,0,68,0,16
2021-05-04 17:11:43,16,0,60,0,12
2021-05-04 17:26:47,7,0,60,0,5
2021-05-04 17:41:52,0,0,52,0,0
2021-05-04 17:56:56,0,0,48,0,0
2021-05-04 18:12:00,0,0,30,0,0
2021-05-04 18:27:05,0,0,30,0,0
2021-05-04 18:42:09,0,0,12,0,0
2021-05-04 18:57:12,0,0,0,0,0
2021-05-04 19:12:16,0,0,2,0,0
2021-05-04 19:27:22,0,0,0,0,0
2021-05-04 19:42:26,0,0,0,0,0
2021-05-04 19:57:30,0,0,0,0,0
2021-05-04 20:12:35,0,0,0,0,0
2021-05-04 20:27:38,0,0,0,0,0
2021-05-04 20:42:41,1,0,0,0,0
2021-05-04 20:57:47,0,0,0,0,0
2021-05-04 21:12:50,0,0,0,0,0
2021-05-04 21:27:54,0,0,0,0,0
2021-05-04 21:42:58,0,0,0,0,0
2021-05-04 21:58:01,0,0,0,0,0
2021-05-04 22:13:05,0,0,0,0,0
2021-05-04 22:28:09,0,0,0,0,0
2021-05-04 22:43:13,0,1,0,0,0
2021-05-04 22:58:19,0,0,0,0,0
2021-05-04 23:13:23,0,0,0,0,0
2021-05-04 23:28:27,0,0,0,0,0
2021-05-04 23:43:30,0,0,0,0,0
2021-05-04 23:58:34,0,0,0,0,0
2021-05-05 00:13:39,47,35,0,34,0
2021-05-05 00:28:43,47,34,2,36,0
2021-05-05 00:43:47,47,34,2,34,0
2021-05-05 00:58:52,47,33,0,34,0
2021-05-05 01:13:55,47,32,4,34,0
2021-05-05 01:29:00,47,32,2,33,0
2021-05-05 01:44:04,46,32,2,31,0
2021-05-05 01:59:08,46,32,2,31,0
2021-05-05 02:14:11,45,32,2,31,0
2021-05-05 02:29:14,45,32,0,31,0
2021-05-05 02:44:18,45,32,0,30,0
2021-05-05 02:59:22,45,31,0,27,0
2021-05-05 03:14:26,45,31,0,27,0
2021-05-05 03:29:29,45,30,0,27,0
2021-05-05 03:44:32,45,30,0,26,0
2021-05-05 03:59:36,45,31,0,27,0
2021-05-05 04:14:41,44,29,0,27,0
2021-05-05 04:29:44,44,29,0,25,0
2021-05-05 04:44:47,44,27,0,25,0
2021-05-05 04:59:50,44,26,0,24,0
2021-05-05 05:14:54,44,27,0,24,0
2021-05-05 05:29:59,45,25,0,22,0
2021-05-05 05:45:04,43,24,0,17,0
2021-05-05 06:00:08,42,19,0,15,0
2021-05-05 06:15:11,42,16,0,9,0
2021-05-05 06:30:15,40,11,0,0,0
2021-05-05 06:45:19,38,2,0,1,0
2021-05-05 07:00:25,36,0,0,0,0
2021-05-05 07:15:28,31,0,0,0,0
2021-05-05 07:30:32,31,0,0,0,0
2021-05-05 07:45:35,27,0,0,0,0
2021-05-05 08:00:39,26,0,0,0,0
2021-05-05 08:15:43,20,0,0,0,0
2021-05-05 08:30:47,18,0,0,0,0
2021-05-05 08:45:50,14,0,0,0,0
2021-05-05 09:00:55,13,0,0,0,0
2021-05-05 09:15:58,10,0,0,0,0
2021-05-05 09:31:02,7,0,0,1,0
2021-05-05 09:46:07,6,0,0,0,0
2021-05-05 10:01:11,2,0,0,0,0
2021-05-05 10:16:15,0,0,0,0,0
2021-05-05 10:31:19,1,0,0,0,0
2021-05-05 10:46:24,0,0,0,0,0
2021-05-05 11:01:27,0,0,0,0,0
2021-05-05 11:16:32,0,0,0,0,0
2021-05-05 11:31:36,0,0,0,0,0
2021-05-05 11:46:40,0,0,0,0,0
2021-05-05 12:01:44,0,0,0,0,0
2021-05-05 12:16:48,0,0,0,0,0
2021-05-05 12:31:51,0,0,0,0,0
2021-05-05 12:46:56,0,0,0,0,0
2021-05-05 13:01:59,0,0,0,0,0
2021-05-05 13:17:03,0,0,0,0,0
2021-05-05 13:32:07,0,0,0,0,0
2021-05-05 13:47:10,0,0,0,0,0
2021-05-05 14:02:15,0,0,0,0,0
2021-05-05 14:17:19,0,0,0,0,0
2021-05-05 14:32:23,0,0,0,0,0
2021-05-05 14:47:27,0,0,0,0,0
2021-05-05 15:02:30,0,0,0,0,0
2021-05-05 15:17:34,0,0,0,0,0
2021-05-05 15:32:38,0,0,0,0,0
2021-05-05 15:47:42,0,0,0,0,0
2021-05-05 16:02:46,0,0,0,0,0
2021-05-05 16:17:50,0,0,0,0,0
2021-05-05 16:32:54,0,0,0,0,0
2021-05-05 16:47:57,0,0,0,1,46
2021-05-05 17:03:03,0,0,0,1,41
2021-05-05 17:18:07,0,0,0,0,29
2021-05-05 17:33:10,0,0,0,0,22
2021-05-05 17:48:14,0,0,0,0,19
2021-05-05 18:03:18,0,0,0,0,11
2021-05-05 18:18:22,0,0,0,0,5
2021-05-05 18:33:26,0,0,0,0,0
2021-05-05 18:48:30,0,0,0,0,0
2021-05-05 19:03:33,0,0,0,0,0
2021-05-05 19:18:37,1,0,0,1,0
2021-05-05 19:33:42,0,0,0,0,0
2021-05-05 19:48:47,0,0,0,0,0
2021-05-05 20:03:51,0,0,0,0,0
2021-05-05 20:18:55,0,0,0,0,0
2021-05-05 20:33:59,0,0,0,0,0
2021-05-05 20:49:03,0,0,0,0,0
2021-05-05 21:04:08,0,0,0,0,0
2021-05-05 21:19:11,0,0,0,0,0
2021-05-05 21:34:15,0,0,0,0,0
2021-05-05 21:49:19,0,0,0,0,0
2021-05-05 22:04:22,0,0,0,0,0
2021-05-05 22:19:26,0,0,0,0,0
2021-05-05 22:34:29,0,0,0,0,0
2021-05-05 22:49:34,0,0,0,0,0
2021-05-05 23:04:38,0,0,0,0,0
2021-05-05 23:19:41,0,0,0,0,0
2021-05-05 23:34:46,0,0,0,0,0
2021-05-05 23:49:51,0,0,0,0,0
2021-05-06 00:04:55,0,0,0,0,0
2021-05-06 00:19:58,0,0,0,0,0
2021-05-06 00:35:01,0,0,0,0,0
2021-05-06 00:50:03,0,0,0,0,0
2021-05-06 01:05:06,0,0,0,0,0
2021-05-06 01:20:09,0,0,0,0,0
2021-05-06 01:35:12,0,0,0,0,0
2021-05-06 01:50:15,0,0,0,0,0
2021-05-06 02:05:18,0,0,0,0,0
2021-05-06 02:20:21,0,0,0,0,0
2021-05-06 02:35:24,0,0,0,0,0
2021-05-06 02:50:27,0,0,0,0,0
2021-05-06 03:05:30,0,0,0,0,0
2021-05-06 03:20:33,0,0,0,0,0
2021-05-06 03:35:36,0,0,0,0,0
2021-05-06 03:50:39,0,0,0,0,0
2021-05-06 04:05:41,0,0,0,0,0
2021-05-06 04:20:44,0,0,0,0,0
2021-05-06 04:35:47,0,0,0,0,0
2021-05-06 04:50:50,0,0,0,0,0
2021-05-06 05:05:53,0,0,0,0,0
2021-05-06 05:20:56,0,0,0,0,0
2021-05-06 05:35:59,0,0,0,0,0
2021-05-06 05:51:01,0,0,0,0,0
2021-05-06 06:06:04,0,0,0,0,0
2021-05-06 06:21:07,0,0,0,0,0
2021-05-06 06:36:10,0,0,0,0,0
2021-05-06 06:51:13,0,0,0,0,0
2021-05-06 07:06:16,0,0,0,0,0
2021-05-06 07:21:18,0,0,0,0,0
2021-05-06 07:36:21,0,0,0,0,0
2021-05-06 07:51:25,0,0,0,0,0
2021-05-06 08:06:28,0,0,0,0,0
2021-05-06 08:21:31,0,0,0,0,0
2021-05-06 08:36:34,0,0,0,0,0
2021-05-06 08:51:37,0,0,0,0,0
2021-05-06 09:06:40,0,0,0,0,0
2021-05-06 09:21:43,0,0,0,0,0
2021-05-06 09:36:46,0,0,0,0,0
2021-05-06 09:51:49,0,0,0,0,0
2021-05-06 10:06:52,0,0,0,0,0
2021-05-06 10:21:54,0,0,0,0,0
2021-05-06 10:36:57,1,0,0,0,0
2021-05-06 10:52:01,0,0,0,0,0
2021-05-06 11:07:04,0,0,0,0,0
2021-05-06 11:22:07,0,0,0,0,0
2021-05-06 11:37:10,0,0,0,0,0
2021-05-06 11:52:13,0,0,0,0,0
2021-05-06 12:07:16,0,0,0,0,0
2021-05-06 12:22:19,0,0,0,1,0
2021-05-06 12:37:23,0,0,0,0,0
2021-05-06 12:52:26,0,0,0,0,0
2021-05-06 13:07:29,0,0,0,0,0
2021-05-06 13:22:32,0,0,0,0,0
2021-05-06 13:37:35,0,0,0,0,0
2021-05-06 13:52:38,0,0,0,0,0
2021-05-06 14:07:41,0,0,0,0,0
2021-05-06 14:22:44,0,0,0,0,0
2021-05-06 14:37:46,0,0,0,1,0
2021-05-06 14:52:51,0,0,0,0,0
2021-05-06 15:07:54,0,0,0,0,0
2021-05-06 15:22:57,0,0,0,0,0
2021-05-06 15:37:59,0,0,0,0,0
2021-05-06 15:53:02,0,0,0,0,0
2021-05-06 16:08:05,0,0,0,0,0
2021-05-06 16:23:07,0,0,0,1,0
2021-05-06 16:38:12,0,0,0,0,0
2021-05-06 16:53:15,0,0,0,0,0
2021-05-06 17:08:19,0,0,0,0,0
2021-05-06 17:23:22,0,0,0,0,0
2021-05-06 17:38:24,0,0,0,0,0
2021-05-06 17:53:27,0,0,0,0,0
2021-05-06 18:08:30,0,0,0,0,0
2021-05-06 18:23:32,0,0,0,0,0
2021-05-06 18:38:35,0,0,0,0,0
2021-05-06 18:53:38,0,0,0,0,0
2021-05-06 19:08:41,0,0,0,0,0
2021-05-06 19:23:44,0,0,0,0,0
2021-05-06 19:38:47,0,0,0,0,0
2021-05-06 19:53:50,0,0,0,0,0
2021-05-06 20:08:53,0,0,0,0,0
2021-05-06 20:23:55,0,0,0,0,0
2021-05-06 20:38:58,0,0,0,0,0
2021-05-06 20:54:01,0,0,0,0,0
2021-05-06 21:09:04,0,0,0,0,0
2021-05-06 21:24:07,0,0,0,0,0
2021-05-06 21:39:11,0,0,0,0,0
2021-05-06 21:54:13,0,0,0,0,0
2021-05-06 22:09:16,0,0,0,0,0
2021-05-06 22:24:23,0,0,0,0,0
2021-05-06 22:39:26,0,0,0,0,0
2021-05-06 22:54:29,0,0,0,0,0
2021-05-06 23:09:32,0,0,0,0,0
2021-05-06 23:24:34,0,0,0,0,0
2021-05-06 23:39:37,0,0,0,0,0
2021-05-06 23:54:40,0,0,0,0,0
2021-05-07 00:09:43,0,0,92,0,0
2021-05-07 00:24:47,0,0,86,0,0
2021-05-07 00:39:49,0,0,94,0,0
2021-05-07 00:54:53,0,0,88,0,0
2021-05-07 01:09:55,0,0,86,0,0
2021-05-07 01:24:57,0,0,86,0,0
2021-05-07 01:39:59,0,0,86,0,0
2021-05-07 01:55:01,0,0,86,0,0
2021-05-07 02:10:04,0,0,86,0,0
2021-05-07 02:25:06,0,0,86,0,0
2021-05-07 02:40:08,0,0,86,0,0
2021-05-07 02:55:11,0,0,86,0,0
2021-05-07 03:10:13,0,0,86,0,0
2021-05-07 03:25:15,0,0,84,0,0
2021-05-07 03:40:18,0,0,80,0,0
2021-05-07 03:55:20,0,0,80,0,0
2021-05-07 04:10:22,0,0,78,0,0
2021-05-07 04:25:24,0,0,78,0,0
2021-05-07 04:40:27,0,0,76,0,0
2021-05-07 04:55:29,0,0,74,0,0
2021-05-07 05:10:31,0,0,78,0,0
2021-05-07 05:25:34,0,0,72,0,0
2021-05-07 05:40:36,0,0,70,0,0
2021-05-07 05:55:38,0,0,64,0,0
2021-05-07 06:10:41,0,0,60,0,0
2021-05-07 06:25:43,0,0,48,0,0
2021-05-07 06:40:45,0,0,40,0,0
2021-05-07 06:55:47,0,0,32,0,0
2021-05-07 07:10:49,0,0,22,0,0
2021-05-07 07:25:52,0,0,12,0,0
2021-05-07 07:40:54,0,0,0,0,0
2021-05-07 07:55:57,0,0,2,0,0
2021-05-07 08:11:00,0,0,0,0,0
2021-05-07 08:26:03,0,0,0,0,0
2021-05-07 08:41:05,0,0,0,0,0
2021-05-07 08:56:07,0,0,0,0,0
2021-05-07 09:11:10,0,0,0,0,0
2021-05-07 09:26:12,0,0,0,0,0
2021-05-07 09:41:14,0,0,0,0,0
2021-05-07 09:56:16,0,0,0,0,0
2021-05-07 10:11:19,0,0,0,0,0
2021-05-07 10:26:21,0,0,0,0,0
2021-05-07 10:41:23,0,0,0,0,0
2021-05-07 10:56:25,0,0,0,0,0
2021-05-07 11:11:27,0,0,0,0,0
2021-05-07 11:26:30,0,0,0,0,0
2021-05-07 11:41:32,0,0,0,0,0
2021-05-07 11:56:34,0,0,0,0,0
2021-05-07 12:11:36,0,0,0,0,0
2021-05-07 12:26:38,1,0,0,0,0
2021-05-07 12:41:42,0,26,0,0,0
2021-05-07 12:56:45,0,6,0,0,0
2021-05-07 13:11:48,0,0,0,0,0
2021-05-07 13:26:50,0,0,0,0,0
2021-05-07 13:41:52,0,0,0,0,0
2021-05-07 13:56:54,0,0,0,0,0
2021-05-07 14:11:57,0,0,0,0,0
2021-05-07 14:26:59,0,0,0,0,0
2021-05-07 14:42:01,0,0,0,0,0
2021-05-07 14:57:03,0,0,0,0,0
2021-05-07 15:12:05,0,0,0,0,0
2021-05-07 15:27:08,0,0,0,0,0
2021-05-07 15:42:10,0,0,0,0,0
2021-05-07 15:57:12,0,0,0,0,0
2021-05-07 16:12:15,0,0,0,0,0
2021-05-07 16:27:17,0,0,0,0,0
2021-05-07 16:42:19,0,0,0,0,0
2021-05-07 16:57:21,0,0,0,0,0
2021-05-07 17:12:24,0,0,0,0,0
2021-05-07 17:27:26,0,0,0,0,0
2021-05-07 17:42:29,0,0,0,0,0
2021-05-07 17:57:31,0,0,0,0,0
2021-05-07 18:12:33,0,0,0,0,0
2021-05-07 18:27:35,0,0,0,0,0
2021-05-07 18:42:37,0,0,0,0,0
2021-05-07 18:57:40,0,0,0,0,0
2021-05-07 19:12:42,0,0,0,0,0
2021-05-07 19:27:44,0,0,0,0,0
2021-05-07 19:42:47,0,0,0,0,0
2021-05-07 19:57:49,0,0,0,0,0
2021-05-07 20:12:51,0,0,0,0,0
2021-05-07 20:27:54,0,0,0,0,0
2021-05-07 20:42:56,0,0,0,0,0
2021-05-07 20:57:58,0,0,0,0,0
2021-05-07 21:13:01,0,0,0,0,0
2021-05-07 21:28:03,0,0,0,0,0
2021-05-07 21:43:05,0,0,0,0,0
2021-05-07 21:58:08,0,0,0,0,0
2021-05-07 22:13:10,0,0,0,0,0
2021-05-07 22:28:12,0,0,0,0,0
2021-05-07 22:43:15,0,0,0,0,0
2021-05-07 22:58:17,0,0,0,0,0
2021-05-07 23:13:20,0,0,0,0,0
2021-05-07 23:28:23,0,0,0,0,0
2021-05-07 23:43:25,0,0,0,0,0
2021-05-07 23:58:27,0,0,0,0,0
2021-05-08 00:13:30,0,92,100,0,27
2021-05-08 00:28:33,0,91,98,0,22
2021-05-08 00:43:36,0,91,98,0,18
2021-05-08 00:58:38,0,94,96,0,18
2021-05-08 01:13:42,0,92,94,0,16
2021-05-08 01:28:44,0,93,96,0,14
2021-05-08 01:43:48,0,93,96,0,12
2021-05-08 01:58:51,0,93,94,0,13
2021-05-08 02:13:54,0,93,94,0,13
2021-05-08 02:28:57,0,92,94,0,12
2021-05-08 02:43:59,0,92,94,0,12
2021-05-08 02:59:01,0,92,96,0,12
2021-05-08 03:14:05,0,90,96,0,11
2021-05-08 03:29:07,0,91,94,0,11
2021-05-08 03:44:11,0,90,94,0,11
2021-05-08 03:59:13,0,90,94,0,10
2021-05-08 04:14:16,0,90,94,0,10
2021-05-08 04:29:18,0,87,94,0,9
2021-05-08 04:44:21,0,85,94,0,7
2021-05-08 04:59:23,0,85,94,0,7
2021-05-08 05:14:25,0,85,94,0,5
2021-05-08 05:29:28,0,83,94,0,5
2021-05-08 05:44:30,0,83,94,0,3
2021-05-08 05:59:33,0,82,94,0,0
2021-05-08 06:14:35,0,79,94,0,0
2021-05-08 06:29:37,0,79,94,0,0
2021-05-08 06:44:40,0,74,94,0,0
2021-05-08 06:59:42,0,73,94,0,0
2021-05-08 07:14:44,0,70,94,0,0
2021-05-08 07:29:47,0,68,94,0,0
2021-05-08 07:44:49,0,60,94,0,0
2021-05-08 07:59:51,0,55,92,0,0
2021-05-08 08:14:54,0,47,92,0,0
2021-05-08 08:29:56,0,48,92,0,0
2021-05-08 08:45:00,0,38,88,0,0
2021-05-08 09:00:02,0,32,90,0,0
2021-05-08 09:15:06,0,26,90,0,0
2021-05-08 09:30:08,0,20,86,0,0
2021-05-08 09:45:11,0,17,86,0,0
2021-05-08 10:00:13,0,10,80,0,0
2021-05-08 10:15:15,0,3,80,0,0
2021-05-08 10:30:18,0,0,78,0,0
2021-05-08 10:45:20,0,0,76,0,0
2021-05-08 11:00:23,0,0,74,0,0
2021-05-08 11:15:26,0,0,74,0,0
2021-05-08 11:30:29,0,0,72,0,0
2021-05-08 11:45:31,0,0,70,0,0
2021-05-08 12:00:33,0,0,70,0,0
2021-05-08 12:15:36,0,0,70,0,0
2021-05-08 12:30:38,0,0,70,0,0
2021-05-08 12:45:41,0,0,68,0,0
2021-05-08 13:00:43,1,0,68,0,0
2021-05-08 13:15:47,0,0,68,0,0
2021-05-08 13:30:49,0,0,68,0,0
2021-05-08 13:45:52,0,0,66,0,0
2021-05-08 14:00:54,0,0,66,0,0
2021-05-08 14:15:57,0,0,66,0,0
2021-05-08 14:31:00,0,0,66,0,0
2021-05-08 14:46:02,0,0,64,0,0
2021-05-08 15:01:05,0,0,62,0,0
2021-05-08 15:16:07,0,0,64,0,0
2021-05-08 15:31:11,0,0,64,0,0
2021-05-08 15:46:13,0,0,64,0,0
2021-05-08 16:01:16,0,0,64,0,0
2021-05-08 16:16:18,0,0,64,0,0
2021-05-08 16:31:21,0,0,64,0,0
2021-05-08 16:46:23,0,0,60,0,0
2021-05-08 17:01:26,0,0,60,0,0
2021-05-08 17:16:28,0,0,58,0,0
2021-05-08 17:31:31,0,0,60,0,0
2021-05-08 17:46:35,0,0,58,0,0
2021-05-08 18:01:37,0,0,58,0,0
2021-05-08 18:16:39,0,0,58,0,0
2021-05-08 18:31:42,0,0,58,0,0
2021-05-08 18:46:44,0,0,54,0,0
2021-05-08 19:01:47,0,0,58,0,0
2021-05-08 19:16:51,0,0,58,0,0
2021-05-08 19:31:53,0,0,58,0,0
2021-05-08 19:46:57,0,0,56,0,0
2021-05-08 20:01:59,0,0,52,0,0
2021-05-08 20:17:02,0,0,50,0,0
2021-05-08 20:32:04,0,0,50,0,0
2021-05-08 20:47:07,0,0,48,0,0
2021-05-08 21:02:09,0,0,48,0,0
2021-05-08 21:17:12,0,0,46,0,0
2021-05-08 21:32:14,0,0,44,0,0
2021-05-08 21:47:16,0,0,44,0,0
2021-05-08 22:02:19,0,0,46,0,0
2021-05-08 22:17:23,0,0,42,0,0
2021-05-08 22:32:25,0,0,40,0,0
2021-05-08 22:47:28,0,0,44,0,0
2021-05-08 23:02:31,0,0,44,0,0
2021-05-08 23:17:34,0,0,42,0,0
2021-05-08 23:32:36,0,0,44,0,0
2021-05-08 23:47:40,0,0,40,0,0
2021-05-09 00:02:43,0,47,98,0,51
2021-05-09 00:17:46,0,46,98,0,48
2021-05-09 00:32:48,0,46,98,0,48
2021-05-09 00:47:50,0,46,96,0,46
2021-05-09 01:02:52,0,46,96,0,46
2021-05-09 01:17:55,0,46,98,0,47
2021-05-09 01:32:58,0,46,98,0,47
2021-05-09 01:48:00,0,46,98,0,46
2021-05-09 02:03:03,0,46,96,0,46
2021-05-09 02:18:05,0,46,96,0,45
2021-05-09 02:33:07,0,46,96,0,45
2021-05-09 02:48:09,0,46,96,0,45
2021-05-09 03:03:12,0,46,96,0,45
2021-05-09 03:18:14,0,46,96,0,45
2021-05-09 03:33:16,0,46,96,0,45
2021-05-09 03:48:18,0,46,96,0,43
2021-05-09 04:03:20,0,46,96,0,44
2021-05-09 04:18:24,0,46,96,0,44
2021-05-09 04:33:26,0,46,96,0,44
2021-05-09 04:48:28,0,46,96,0,44
2021-05-09 05:03:31,0,46,94,0,43
2021-05-09 05:18:33,0,45,94,0,43
2021-05-09 05:33:35,0,45,92,0,43
2021-05-09 05:48:37,0,46,92,0,43
2021-05-09 06:03:41,0,46,92,0,43
2021-05-09 06:18:43,0,45,92,0,43
2021-05-09 06:33:45,0,45,92,0,43
2021-05-09 06:48:48,0,44,92,0,42
2021-05-09 07:03:50,0,45,92,0,43
2021-05-09 07:18:53,0,44,92,0,41
2021-05-09 07:33:56,0,44,94,0,40
2021-05-09 07:48:59,0,42,96,0,40
2021-05-09 08:04:02,0,42,96,0,35
2021-05-09 08:19:04,0,40,94,0,32
2021-05-09 08:34:06,0,38,96,0,30
2021-05-09 08:49:10,0,39,96,0,31
2021-05-09 09:04:13,0,37,96,0,30
2021-05-09 09:19:15,0,35,94,0,27
2021-05-09 09:34:17,0,33,96,0,27
2021-05-09 09:49:21,0,33,94,0,24
2021-05-09 10:04:23,0,32,94,0,22
2021-05-09 10:19:25,0,32,88,0,19
2021-05-09 10:34:27,0,29,88,0,17
2021-05-09 10:49:30,0,27,88,0,16
2021-05-09 11:04:32,0,29,88,0,15
2021-05-09 11:19:35,0,28,84,0,15
2021-05-09 11:34:38,0,25,84,0,15
2021-05-09 11:49:40,0,24,84,0,12
2021-05-09 12:04:43,0,23,84,0,12
2021-05-09 12:19:45,0,23,82,0,11
2021-05-09 12:34:47,0,21,78,0,7
2021-05-09 12:49:50,0,20,80,0,3
2021-05-09 13:04:53,0,18,80,0,4
2021-05-09 13:19:56,0,17,76,0,3
2021-05-09 13:34:59,0,14,76,0,1
2021-05-09 13:50:01,0,15,74,0,0
2021-05-09 14:05:05,0,14,68,0,0
2021-05-09 14:20:07,0,12,64,0,0
2021-05-09 14:35:10,0,11,60,0,0
2021-05-09 14:50:12,0,13,58,0,0
2021-05-09 15:05:16,0,12,58,0,0
2021-05-09 15:20:18,0,10,56,0,0
2021-05-09 15:35:21,0,8,50,0,0
2021-05-09 15:50:24,0,9,48,0,0
2021-05-09 16:05:27,0,8,48,0,0
2021-05-09 16:20:29,0,7,48,0,0
2021-05-09 16:35:32,0,6,48,0,0
2021-05-09 16:50:35,0,5,46,0,0
2021-05-09 17:05:37,0,4,44,0,0
2021-05-09 17:20:39,0,3,42,0,0
2021-05-09 17:35:42,0,3,40,0,0
2021-05-09 17:50:44,0,2,40,0,0
2021-05-09 18:05:47,0,2,36,0,0
2021-05-09 18:20:49,0,1,34,0,0
2021-05-09 18:35:52,0,2,32,0,0
2021-05-09 18:50:55,0,1,32,0,0
2021-05-09 19:05:58,0,0,30,0,0
2021-05-09 19:21:00,0,0,28,0,0
2021-05-09 19:36:03,0,0,26,0,0
2021-05-09 19:51:10,0,0,20,0,0
2021-05-09 20:06:13,0,1,18,0,0
2021-05-09 20:21:17,0,0,16,0,0
2021-05-09 20:36:19,0,0,14,0,0
2021-05-09 20:51:22,0,0,14,0,0
2021-05-09 21:06:24,0,0,12,0,0
2021-05-09 21:21:26,0,0,10,0,0
2021-05-09 21:36:29,0,0,10,0,0
2021-05-09 21:51:31,0,0,8,0,0
2021-05-09 22:06:34,0,0,8,0,0
2021-05-09 22:21:37,0,0,6,0,0
2021-05-09 22:36:39,0,0,2,0,0
2021-05-09 22:51:42,0,0,2,0,0
2021-05-09 23:06:44,0,0,0,0,0
2021-05-09 23:21:47,0,0,0,0,0
2021-05-09 23:36:50,0,0,0,0,0
2021-05-09 23:51:52,0,0,0,0,0
2021-05-10 00:06:55,28,86,0,112,0
2021-05-10 00:21:59,27,86,0,111,0
2021-05-10 00:37:01,27,86,0,112,0
2021-05-10 00:52:05,27,85,0,111,0
2021-05-10 01:07:08,27,84,0,110,0
2021-05-10 01:22:11,27,84,0,109,0
2021-05-10 01:37:14,26,84,2,109,0
2021-05-10 01:52:17,26,84,2,109,0
2021-05-10 02:07:20,26,84,0,108,0
2021-05-10 02:22:22,26,84,0,108,0
2021-05-10 02:37:25,26,84,0,108,0
2021-05-10 02:52:28,26,84,0,108,0
2021-05-10 03:07:31,26,85,0,108,0
2021-05-10 03:22:35,26,84,0,108,0
2021-05-10 03:37:38,26,84,0,108,0
2021-05-10 03:52:41,26,84,2,107,0
2021-05-10 04:07:44,26,84,2,107,0
2021-05-10 04:22:47,25,84,2,106,0
2021-05-10 04:37:50,25,84,2,107,0
2021-05-10 04:52:54,25,84,0,106,0
2021-05-10 05:07:56,25,84,2,106,0
2021-05-10 05:23:00,25,84,0,106,0
2021-05-10 05:38:02,23,84,2,103,0
2021-05-10 05:53:06,22,85,0,103,0
2021-05-10 06:08:09,21,84,2,100,0
2021-05-10 06:23:13,21,83,2,96,0
2021-05-10 06:38:16,19,85,0,94,0
2021-05-10 06:53:20,18,84,2,89,0
2021-05-10 07:08:23,16,82,4,83,0
2021-05-10 07:23:27,15,82,0,80,0
2021-05-10 07:38:30,13,81,0,77,0
2021-05-10 07:53:32,12,81,0,73,0
2021-05-10 08:08:35,9,79,2,69,0
2021-05-10 08:23:39,8,77,6,70,0
2021-05-10 08:38:42,7,76,12,67,0
2021-05-10 08:53:46,4,77,0,62,0
2021-05-10 09:08:50,4,77,2,58,0
2021-05-10 09:23:54,1,75,2,55,0
2021-05-10 09:38:56,0,74,0,50,0
2021-05-10 09:53:59,0,74,4,46,0
2021-05-10 10:09:03,0,72,0,44,0
2021-05-10 10:24:06,0,71,0,42,0
2021-05-10 10:39:09,0,72,0,39,0
2021-05-10 10:54:13,0,72,0,34,0
2021-05-10 11:09:16,0,71,0,32,0
2021-05-10 11:24:19,0,79,0,28,0
2021-05-10 11:39:23,0,62,0,24,0
2021-05-10 11:54:26,0,59,0,21,0
2021-05-10 12:09:29,0,59,2,15,0
2021-05-10 12:24:33,0,59,0,13,0
2021-05-10 12:39:36,0,57,2,11,0
2021-05-10 12:54:40,0,56,2,8,0
2021-05-10 13:09:43,1,57,4,6,0
2021-05-10 13:24:47,0,85,0,6,0
2021-05-10 13:39:51,0,59,0,4,0
2021-05-10 13:54:54,0,50,0,0,0
2021-05-10 14:09:57,0,45,0,0,0
2021-05-10 14:25:00,0,40,0,0,0
2021-05-10 14:40:03,0,41,0,0,0
2021-05-10 14:55:08,0,37,0,0,0
2021-05-10 15:10:11,0,33,0,0,0
2021-05-10 15:25:14,0,30,0,0,0
2021-05-10 15:40:16,0,29,0,0,0
2021-05-10 15:55:20,0,30,0,0,0
2021-05-10 16:10:24,0,25,0,0,0
2021-05-10 16:25:27,0,26,0,0,0
2021-05-10 16:40:31,0,24,0,0,0
2021-05-10 16:55:34,0,21,0,0,0
2021-05-10 17:10:37,0,18,0,0,0
2021-05-10 17:25:40,0,15,0,0,0
2021-05-10 17:40:43,0,13,0,0,0
2021-05-10 17:55:46,0,10,0,0,0
2021-05-10 18:10:49,0,6,0,0,0
2021-05-10 18:25:53,0,5,0,0,0
2021-05-10 18:40:55,0,2,0,0,0
2021-05-10 18:55:58,0,0,0,0,0
2021-05-10 19:11:01,0,1,0,0,0
2021-05-10 19:26:05,0,0,0,0,0
2021-05-10 19:41:08,0,0,0,0,0
2021-05-10 19:56:12,0,0,0,0,0
2021-05-10 20:11:15,0,0,0,0,0
2021-05-10 20:26:17,0,0,0,0,0
2021-05-10 20:41:20,0,0,0,0,0
2021-05-10 20:56:24,0,0,2,0,0
2021-05-10 21:11:27,0,0,0,0,0
2021-05-10 21:26:30,0,0,0,0,0
2021-05-10 21:41:34,0,0,0,0,0
2021-05-10 21:56:37,0,0,0,0,0
2021-05-10 22:11:40,0,0,0,0,0
2021-05-10 22:26:43,0,0,2,0,0
2021-05-10 22:41:47,0,0,0,0,0
2021-05-10 22:56:50,0,0,0,0,0
2021-05-10 23:11:53,0,0,0,0,0
2021-05-10 23:26:56,0,0,0,0,0
2021-05-10 23:41:59,0,0,0,0,0
2021-05-10 23:57:03,0,0,0,0,0
2021-05-11 00:12:06,0,0,64,0,0
2021-05-11 00:27:10,0,0,62,0,0
2021-05-11 00:42:13,0,0,62,0,0
2021-05-11 00:57:16,0,0,62,0,0
2021-05-11 01:12:19,0,0,62,0,0
2021-05-11 01:27:22,0,0,62,0,0
2021-05-11 01:42:24,0,0,62,0,0
2021-05-11 01:57:27,0,0,62,0,0
2021-05-11 02:12:30,0,0,62,0,0
2021-05-11 02:27:33,0,0,62,0,0
2021-05-11 02:42:36,0,0,62,0,0
2021-05-11 02:57:39,0,0,62,0,0
2021-05-11 03:12:42,0,0,60,0,0
2021-05-11 03:27:45,0,0,58,0,0
2021-05-11 03:42:48,0,0,58,0,0
2021-05-11 03:57:51,0,0,58,0,0
2021-05-11 04:12:55,0,0,58,0,0
2021-05-11 04:27:58,0,0,58,0,0
2021-05-11 04:43:01,0,0,58,0,0
2021-05-11 04:58:04,0,0,56,0,0
2021-05-11 05:13:07,0,0,56,0,0
2021-05-11 05:28:10,0,0,56,0,0
2021-05-11 05:43:14,0,0,58,0,0
2021-05-11 05:58:17,0,0,58,0,0
2021-05-11 06:13:20,0,0,54,0,0
2021-05-11 06:28:23,0,0,50,0,0
2021-05-11 06:43:26,0,0,48,0,0
2021-05-11 06:58:29,0,0,50,0,0
2021-05-11 07:13:33,0,0,50,0,0
2021-05-11 07:28:36,0,0,44,0,0
2021-05-11 07:43:39,0,0,42,0,0
2021-05-11 07:58:42,0,0,46,0,0
2021-05-11 08:13:46,0,0,46,0,0
2021-05-11 08:28:50,0,0,46,0,0
2021-05-11 08:43:54,0,0,42,0,0
2021-05-11 08:58:57,0,0,38,0,0
2021-05-11 09:14:00,0,0,36,0,0
2021-05-11 09:29:04,0,0,32,0,0
2021-05-11 09:44:07,0,0,28,0,0
2021-05-11 09:59:11,0,0,28,0,0
2021-05-11 10:14:14,0,0,30,0,0
2021-05-11 10:29:18,0,0,24,0,0
2021-05-11 10:44:21,0,0,24,0,0
2021-05-11 10:59:24,0,0,24,0,0
2021-05-11 11:14:27,0,0,18,0,0
2021-05-11 11:29:30,0,0,18,0,0
2021-05-11 11:44:33,0,0,22,0,0
2021-05-11 11:59:37,0,1,18,0,0
2021-05-11 12:14:41,0,0,16,0,0
2021-05-11 12:29:44,0,0,6,1,0
2021-05-11 12:44:48,0,0,2,0,0
2021-05-11 12:59:51,0,1,4,0,0
2021-05-11 13:14:55,0,1,2,0,0
2021-05-11 13:29:59,1,1,0,0,0
2021-05-11 13:45:03,0,0,0,0,0
2021-05-11 14:00:06,0,0,0,0,0
2021-05-11 14:15:09,0,0,2,0,0
2021-05-11 14:30:14,0,47,2,0,0
2021-05-11 14:45:18,0,46,2,0,0
2021-05-11 15:00:21,0,45,4,0,0
2021-05-11 15:15:25,0,45,0,0,0
2021-05-11 15:30:28,0,41,0,0,0
2021-05-11 15:45:32,0,40,4,0,0
2021-05-11 16:00:36,0,39,0,0,0
2021-05-11 16:15:40,0,60,2,0,0
2021-05-11 16:30:44,0,58,2,0,0
2021-05-11 16:45:48,0,56,0,0,0
2021-05-11 17:00:51,0,53,0,0,0
2021-05-11 17:15:54,0,51,0,0,0
2021-05-11 17:30:57,0,50,0,0,0
2021-05-11 17:46:00,0,51,0,0,0
2021-05-11 18:01:05,0,49,0,0,0
2021-05-11 18:16:07,0,48,0,0,0
2021-05-11 18:31:10,0,47,0,0,0
2021-05-11 18:46:13,0,46,0,0,0
2021-05-11 19:01:16,0,48,0,0,0
2021-05-11 19:16:21,0,47,0,0,0
2021-05-11 19:31:25,0,46,0,0,0
2021-05-11 19:46:27,0,43,0,1,0
2021-05-11 20:01:31,0,45,0,1,0
2021-05-11 20:16:36,0,44,0,0,0
2021-05-11 20:31:39,0,42,0,0,0
2021-05-11 20:46:42,0,42,0,0,0
2021-05-11 21:01:44,0,41,0,0,0
2021-05-11 21:16:48,0,41,0,0,0
2021-05-11 21:31:51,0,40,0,0,0
2021-05-11 21:46:54,0,40,0,0,0
2021-05-11 22:01:57,0,39,0,0,0
2021-05-11 22:17:00,0,38,0,0,0
2021-05-11 22:32:03,0,40,0,0,0
2021-05-11 22:47:08,0,40,0,0,0
2021-05-11 23:02:11,0,39,0,0,0
2021-05-11 23:17:14,0,37,0,0,0
2021-05-11 23:32:17,0,36,0,0,0
2021-05-11 23:47:20,0,35,0,0,0
2021-05-12 00:02:23,0,86,0,55,0
2021-05-12 00:17:27,0,87,2,53,0
2021-05-12 00:32:30,0,87,0,53,0
2021-05-12 00:47:33,0,87,0,51,0
2021-05-12 01:02:36,0,87,0,52,0
2021-05-12 01:17:40,0,87,0,52,0
2021-05-12 01:32:43,0,87,0,51,0
2021-05-12 01:47:46,0,86,0,50,0
2021-05-12 02:02:48,0,87,0,50,0
2021-05-12 02:17:53,0,87,0,50,0
2021-05-12 02:32:55,0,87,0,50,0
2021-05-12 02:47:58,0,87,2,50,0
2021-05-12 03:03:02,0,87,2,49,0
2021-05-12 03:18:05,0,87,2,49,0
2021-05-12 03:33:07,0,86,2,49,0
2021-05-12 03:48:10,0,86,0,49,0
2021-05-12 04:03:13,0,86,0,49,0
2021-05-12 04:18:16,0,86,0,49,0
2021-05-12 04:33:19,0,85,0,49,0
2021-05-12 04:48:21,0,85,0,48,0
2021-05-12 05:03:24,0,85,0,48,0
2021-05-12 05:18:27,0,85,0,48,0
2021-05-12 05:33:30,0,85,0,47,0
2021-05-12 05:48:32,0,83,0,47,0
2021-05-12 06:03:35,0,83,0,47,0
2021-05-12 06:18:38,0,85,0,46,0
2021-05-12 06:33:42,0,84,0,42,0
2021-05-12 06:48:45,0,82,0,42,0
2021-05-12 07:03:48,0,82,0,40,0
2021-05-12 07:18:51,0,82,2,37,0
2021-05-12 07:33:55,1,81,2,35,0
2021-05-12 07:48:58,0,81,0,32,0
2021-05-12 08:04:01,0,80,0,32,0
2021-05-12 08:19:04,0,79,0,29,0
2021-05-12 08:34:07,0,79,0,23,0
2021-05-12 08:49:10,0,78,2,21,0
2021-05-12 09:04:14,0,77,0,17,0
2021-05-12 09:19:16,0,77,0,16,0
2021-05-12 09:34:19,0,76,0,12,0
2021-05-12 09:49:22,0,73,0,9,0
2021-05-12 10:04:25,0,73,0,7,0
2021-05-12 10:19:28,0,73,0,5,0
2021-05-12 10:34:31,0,74,0,4,0
2021-05-12 10:49:35,0,73,0,2,0
2021-05-12 11:04:38,0,74,0,0,0
2021-05-12 11:19:42,0,72,0,0,0
2021-05-12 11:34:45,0,72,0,0,0
2021-05-12 11:49:48,0,78,0,0,0
2021-05-12 12:04:52,0,59,0,0,0
2021-05-12 12:19:54,0,48,0,0,0
2021-05-12 12:34:57,0,49,2,0,0
2021-05-12 12:50:01,0,47,0,0,0
2021-05-12 13:05:04,0,46,0,0,0
2021-05-12 13:20:07,0,47,0,0,0
2021-05-12 13:35:11,0,46,0,0,0
2021-05-12 13:50:14,0,46,0,0,0
2021-05-12 14:05:16,0,45,0,0,0
2021-05-12 14:20:19,0,45,0,1,0
2021-05-12 14:35:24,0,46,0,0,0
2021-05-12 14:50:28,0,45,0,0,0
2021-05-12 15:05:30,0,45,0,0,0
2021-05-12 15:20:34,0,48,0,2,0
2021-05-12 15:35:38,0,45,0,1,0
2021-05-12 15:50:41,0,43,0,0,0
2021-05-12 16:05:44,0,43,0,1,0
2021-05-12 16:20:48,0,44,0,1,0
2021-05-12 16:35:51,0,43,0,0,0
2021-05-12 16:50:54,0,42,0,0,0
2021-05-12 17:05:57,0,42,0,0,0
2021-05-12 17:21:00,0,42,0,0,0
2021-05-12 17:36:03,0,40,0,0,0
2021-05-12 17:51:06,0,39,0,0,0
2021-05-12 18:06:09,0,39,0,0,0
2021-05-12 18:21:12,0,39,0,0,0
2021-05-12 18:36:15,0,38,0,0,0
2021-05-12 18:51:17,0,38,0,0,0
2021-05-12 19:06:20,17,38,0,0,0
2021-05-12 19:21:24,17,37,0,0,0
2021-05-12 19:36:27,17,36,0,0,0
2021-05-12 19:51:29,17,36,0,1,0
2021-05-12 20:06:34,17,37,0,0,0
2021-05-12 20:21:37,17,36,0,0,0
2021-05-12 20:36:40,16,36,0,0,0
2021-05-12 20:51:43,16,36,0,0,0
2021-05-12 21:06:46,16,36,0,0,0
2021-05-12 21:21:49,16,36,0,0,0
2021-05-12 21:36:52,16,35,0,0,0
2021-05-12 21:51:55,15,35,0,0,0
2021-05-12 22:06:58,15,35,0,0,0
2021-05-12 22:22:01,15,34,0,0,0
2021-05-12 22:37:04,15,33,0,0,0
2021-05-12 22:52:06,15,34,0,0,0
2021-05-12 23:07:11,15,34,6,0,0
2021-05-12 23:22:14,14,33,6,0,0
2021-05-12 23:37:17,14,34,6,0,0
2021-05-12 23:52:21,14,34,6,0,0
2021-05-13 00:07:24,14,34,2,0,0
2021-05-13 00:22:27,14,35,4,0,0
2021-05-13 00:37:30,14,34,2,0,0
2021-05-13 00:52:33,13,34,2,0,0
2021-05-13 01:07:36,13,35,2,0,0
2021-05-13 01:22:39,13,35,2,0,0
2021-05-13 01:37:42,13,35,2,0,0
2021-05-13 01:52:45,13,35,2,0,0
2021-05-13 02:07:47,13,35,2,0,0
2021-05-13 02:22:50,13,35,2,0,0
2021-05-13 02:37:53,13,35,2,0,0
2021-05-13 02:52:55,13,35,2,0,0
2021-05-13 03:07:58,13,35,0,0,0
2021-05-13 03:23:01,13,35,0,0,0
2021-05-13 03:38:04,13,35,0,0,0
2021-05-13 03:53:06,13,35,0,0,0
2021-05-13 04:08:09,13,35,0,0,0
2021-05-13 04:23:12,12,35,0,0,0
2021-05-13 04:38:14,12,35,0,0,0
2021-05-13 04:53:16,12,33,0,0,0
2021-05-13 05:08:19,12,33,0,0,0
2021-05-13 05:23:22,12,34,0,0,0
2021-05-13 05:38:26,12,34,0,0,0
2021-05-13 05:53:28,12,34,0,0,0
2021-05-13 06:08:31,12,34,0,0,0
2021-05-13 06:23:34,12,34,0,0,0
2021-05-13 06:38:36,10,34,4,0,0
2021-05-13 06:53:40,10,33,0,0,0
2021-05-13 07:08:42,10,33,0,2,0
2021-05-13 07:23:45,10,33,0,1,0
2021-05-13 07:38:48,10,34,2,2,0
2021-05-13 07:53:51,10,34,2,0,0
2021-05-13 08:08:54,10,33,2,1,0
2021-05-13 08:23:58,9,34,0,1,0
2021-05-13 08:39:01,9,33,0,0,0
2021-05-13 08:54:04,8,36,0,1,0
2021-05-13 09:09:07,8,39,0,1,0
2021-05-13 09:24:11,7,39,0,2,0
2021-05-13 09:39:14,8,36,0,1,0
2021-05-13 09:54:17,9,37,2,2,0
2021-05-13 10:09:21,6,35,0,0,0
2021-05-13 10:24:24,5,35,0,0,0
2021-05-13 10:39:26,4,34,0,1,0
2021-05-13 10:54:30,4,38,0,1,0
2021-05-13 11:09:34,4,37,0,0,0
2021-05-13 11:24:36,3,34,0,0,0
2021-05-13 11:39:39,3,33,0,1,0
2021-05-13 11:54:43,3,34,0,1,0
2021-05-13 12:09:46,3,35,0,0,0
2021-05-13 12:24:50,3,35,0,0,0
2021-05-13 12:39:53,3,37,2,0,0
2021-05-13 12:54:56,2,36,0,0,0
2021-05-13 13:09:59,2,0,0,0,0
2021-05-13 13:25:01,2,0,0,0,0
2021-05-13 13:40:04,1,0,0,0,0
2021-05-13 13:55:07,0,0,0,0,0
2021-05-13 14:10:10,0,1,0,0,0
2021-05-13 14:25:13,0,0,2,0,0
2021-05-13 14:40:16,0,0,0,0,0
2021-05-13 14:55:19,0,0,0,0,0
2021-05-13 15:10:22,0,0,0,0,0
2021-05-13 15:25:25,0,0,0,0,0
2021-05-13 15:40:28,0,0,0,0,0
2021-05-13 15:55:31,0,0,0,0,0
2021-05-13 16:10:33,0,1,0,0,0
2021-05-13 16:25:38,0,0,0,0,0
2021-05-13 16:40:40,0,0,0,0,0
2021-05-13 16:55:43,0,0,0,0,0
2021-05-13 17:10:45,0,0,0,0,0
2021-05-13 17:25:48,0,0,0,0,0
2021-05-13 17:40:50,0,0,0,0,0
2021-05-13 17:55:53,0,0,0,0,0
2021-05-13 18:10:56,0,0,0,0,0
2021-05-13 18:25:58,0,0,0,0,0
2021-05-13 18:41:01,0,0,0,0,0
2021-05-13 18:56:03,0,0,0,0,0
2021-05-13 19:11:06,0,34,0,0,0
2021-05-13 19:26:10,0,34,0,0,0
2021-05-13 19:41:12,0,32,0,0,0
2021-05-13 19:56:15,0,33,0,0,0
2021-05-13 20:11:19,0,31,0,0,0
2021-05-13 20:26:22,0,30,0,0,0
2021-05-13 20:41:25,0,28,0,0,0
2021-05-13 20:56:27,0,28,0,0,0
2021-05-13 21:11:30,0,28,0,0,0
2021-05-13 21:26:33,0,28,0,0,0
2021-05-13 21:41:35,0,28,0,0,0
2021-05-13 21:56:38,0,26,0,0,0
2021-05-13 22:11:41,0,25,0,0,0
2021-05-13 22:26:43,0,26,0,0,0
2021-05-13 22:41:48,0,25,0,0,0
2021-05-13 22:56:50,0,26,2,0,0
2021-05-13 23:11:54,0,25,2,0,0
2021-05-13 23:26:57,0,24,2,0,0
2021-05-13 23:42:00,0,23,0,0,0
2021-05-13 23:57:03,0,23,0,0,0
2021-05-14 00:12:05,0,22,96,0,0
2021-05-14 00:27:09,0,23,96,0,0
2021-05-14 00:42:11,0,23,96,0,0
2021-05-14 00:57:13,0,23,96,0,0
2021-05-14 01:12:16,0,22,96,0,0
2021-05-14 01:27:18,0,22,96,0,0
2021-05-14 01:42:20,0,22,96,0,0
2021-05-14 01:57:22,0,22,96,0,0
2021-05-14 02:12:24,0,22,96,0,0
2021-05-14 02:27:26,0,22,96,0,0
2021-05-14 02:42:28,0,22,96,0,0
2021-05-14 02:57:30,0,22,96,0,0
2021-05-14 03:12:32,0,22,96,0,0
2021-05-14 03:27:34,0,22,96,0,0
2021-05-14 03:42:36,0,22,96,0,0
2021-05-14 03:57:38,0,22,96,0,0
2021-05-14 04:12:40,0,22,96,0,0
2021-05-14 04:27:42,0,22,96,0,0
2021-05-14 04:42:44,0,22,96,0,0
2021-05-14 04:57:46,0,21,96,0,0
2021-05-14 05:12:48,0,21,96,0,0
2021-05-14 05:27:50,0,21,96,0,0
2021-05-14 05:42:52,0,21,96,0,0
2021-05-14 05:57:54,0,21,96,0,0
2021-05-14 06:12:56,0,21,96,0,0
2021-05-14 06:27:58,0,20,94,0,0
2021-05-14 06:43:00,0,20,94,0,0
2021-05-14 06:58:02,0,20,94,0,0
2021-05-14 07:13:05,0,20,94,0,0
2021-05-14 07:28:06,0,20,94,0,0
2021-05-14 07:43:09,0,20,94,0,0
2021-05-14 07:58:11,0,20,92,0,0
2021-05-14 08:13:13,0,19,92,0,0
2021-05-14 08:28:15,0,20,92,0,0
2021-05-14 08:43:18,0,19,90,2,0
2021-05-14 08:58:21,0,18,92,0,0
2021-05-14 09:13:23,0,19,90,0,0
2021-05-14 09:28:26,0,19,90,0,0
2021-05-14 09:43:28,0,18,90,0,0
2021-05-14 09:58:30,0,17,94,0,0
2021-05-14 10:13:33,0,17,88,0,0
2021-05-14 10:28:35,0,14,88,0,0
2021-05-14 10:43:37,0,15,86,0,0
2021-05-14 10:58:40,0,14,88,0,0
2021-05-14 11:13:43,0,12,86,0,0
2021-05-14 11:28:45,0,12,84,0,0
2021-05-14 11:43:47,0,12,84,0,0
2021-05-14 11:58:49,0,8,84,0,0
2021-05-14 12:13:51,0,9,84,0,0
2021-05-14 12:28:55,0,10,84,1,0
2021-05-14 12:43:57,0,9,84,0,0
2021-05-14 12:58:59,0,9,82,0,0
2021-05-14 13:14:01,0,7,82,0,0
2021-05-14 13:29:03,0,8,82,0,0
2021-05-14 13:44:07,0,6,82,0,0
2021-05-14 13:59:09,0,7,82,0,0
2021-05-14 14:14:11,0,7,82,0,0
2021-05-14 14:29:13,0,4,82,0,0
2021-05-14 14:44:15,0,3,82,0,0
2021-05-14 14:59:18,0,3,82,0,0
2021-05-14 15:14:20,0,4,80,0,0
2021-05-14 15:29:23,0,3,82,1,0
2021-05-14 15:44:26,0,4,82,0,0
2021-05-14 15:59:29,0,4,82,0,0
2021-05-14 16:14:31,0,2,82,0,0
2021-05-14 16:29:33,0,1,82,0,0
2021-05-14 16:44:35,0,2,82,0,0
2021-05-14 16:59:39,0,3,82,0,0
2021-05-14 17:14:41,0,2,80,0,0
2021-05-14 17:29:44,0,0,78,0,0
2021-05-14 17:44:46,0,0,76,0,0
2021-05-14 17:59:48,0,0,78,0,0
2021-05-14 18:14:51,0,0,78,0,0
2021-05-14 18:29:53,0,0,78,0,0
2021-05-14 18:44:55,0,0,78,0,0
2021-05-14 18:59:58,0,0,76,0,0
2021-05-14 19:15:00,0,0,72,0,0
2021-05-14 19:30:02,0,0,72,0,0
2021-05-14 19:45:04,0,0,70,0,0
2021-05-14 20:00:06,0,0,72,0,0
2021-05-14 20:15:09,0,0,70,0,0
2021-05-14 20:30:11,0,0,70,0,0
2021-05-14 20:45:13,0,0,70,1,0
2021-05-14 21:00:16,0,2,70,0,0
2021-05-14 21:15:20,0,0,70,0,0
2021-05-14 21:30:22,0,0,72,0,0
2021-05-14 21:45:25,0,0,70,0,0
2021-05-14 22:00:27,0,1,66,1,0
2021-05-14 22:15:30,0,3,66,0,0
2021-05-14 22:30:33,0,1,66,0,0
2021-05-14 22:45:35,0,1,66,0,0
2021-05-14 23:00:37,0,0,66,0,0
2021-05-14 23:15:39,0,1,66,0,0
2021-05-14 23:30:42,0,1,66,0,0
2021-05-14 23:45:44,0,1,66,0,0
2021-05-15 00:00:46,0,89,82,1,57
2021-05-15 00:15:50,0,91,82,0,57
2021-05-15 00:30:52,0,90,82,0,57
2021-05-15 00:45:54,0,90,82,0,57
2021-05-15 01:00:56,0,90,82,0,57
2021-05-15 01:15:58,0,90,82,0,57
2021-05-15 01:31:01,0,90,82,0,57
2021-05-15 01:46:03,0,90,82,0,57
2021-05-15 02:01:05,0,90,82,0,57
2021-05-15 02:16:07,0,90,82,0,57
2021-05-15 02:31:09,0,89,82,0,57
2021-05-15 02:46:11,0,88,82,0,56
2021-05-15 03:01:14,0,88,82,0,56
2021-05-15 03:16:16,0,89,82,0,56
2021-05-15 03:31:19,0,89,82,0,56
2021-05-15 03:46:21,0,91,82,0,56
2021-05-15 04:01:25,0,91,82,0,56
2021-05-15 04:16:27,0,91,82,0,56
2021-05-15 04:31:29,0,91,82,0,56
2021-05-15 04:46:32,0,91,80,0,56
2021-05-15 05:01:34,0,91,80,0,56
2021-05-15 05:16:36,0,91,80,0,56
2021-05-15 05:31:38,0,91,80,0,55
2021-05-15 05:46:40,0,90,80,0,55
2021-05-15 06:01:42,0,90,78,0,55
2021-05-15 06:16:44,0,90,78,0,55
2021-05-15 06:31:46,0,88,80,0,55
2021-05-15 06:46:50,0,88,80,0,55
2021-05-15 07:01:52,0,87,80,0,55
2021-05-15 07:16:54,0,88,80,0,55
2021-05-15 07:31:57,0,87,80,0,55
2021-05-15 07:46:59,0,87,80,0,55
2021-05-15 08:02:01,0,86,80,0,55
2021-05-15 08:17:03,0,87,78,0,55
2021-05-15 08:32:06,0,87,78,0,54
2021-05-15 08:47:09,0,85,80,2,54
2021-05-15 09:02:12,0,85,80,0,52
2021-05-15 09:17:14,0,85,78,0,50
2021-05-15 09:32:16,0,85,78,0,49
2021-05-15 09:47:18,0,84,78,0,49
2021-05-15 10:02:20,0,82,78,0,49
2021-05-15 10:15:16,0,81,78,1,49
2021-05-15 10:30:13,0,81,78,0,49
2021-05-15 10:45:25,0,78,78,0,49
2021-05-15 11:00:28,0,77,78,0,47
2021-05-15 11:15:30,0,77,78,0,48
2021-05-15 11:30:33,0,77,76,0,47
2021-05-15 11:45:35,0,74,74,0,47
2021-05-15 12:00:37,0,70,72,0,47
2021-05-15 12:15:40,0,69,72,0,47
2021-05-15 12:30:42,0,68,72,1,44
2021-05-15 12:45:45,0,68,72,1,44
2021-05-15 13:00:47,0,69,72,0,45
2021-05-15 13:15:50,0,68,72,0,44
2021-05-15 13:30:52,0,66,72,0,44
2021-05-15 13:45:54,0,66,72,0,43
2021-05-15 14:00:56,0,65,70,0,42
2021-05-15 14:15:59,0,65,70,0,43
2021-05-15 14:31:02,0,65,70,0,43
2021-05-15 14:46:04,0,65,70,0,43
2021-05-15 15:01:06,0,64,70,0,41
2021-05-15 15:16:09,0,62,70,0,40
2021-05-15 15:31:11,0,61,70,0,39
2021-05-15 15:46:13,0,60,70,0,39
2021-05-15 16:01:15,0,60,66,0,38
2021-05-15 16:16:17,0,58,66,0,37
2021-05-15 16:31:19,0,55,64,0,38
2021-05-15 16:46:23,0,54,64,0,38
2021-05-15 17:01:25,0,53,64,0,38
2021-05-15 17:16:27,0,53,62,0,38
2021-05-15 17:31:29,0,51,62,0,38
2021-05-15 17:46:32,0,48,62,0,38
2021-05-15 18:01:34,0,47,62,0,39
2021-05-15 18:16:37,0,47,62,0,38
2021-05-15 18:31:39,0,45,62,0,38
2021-05-15 18:46:41,0,45,62,0,37
2021-05-15 19:01:44,0,43,62,0,35
2021-05-15 19:16:46,0,40,60,0,35
2021-05-15 19:31:48,0,37,60,0,35
2021-05-15 19:46:50,0,35,58,0,35
2021-05-15 20:01:53,0,34,58,0,35
2021-05-15 20:16:55,0,33,58,0,35
2021-05-15 20:31:57,0,32,58,0,35
2021-05-15 20:46:59,0,32,58,0,35
2021-05-15 21:02:02,0,31,58,0,34
2021-05-15 21:17:04,0,29,58,0,33
2021-05-15 21:32:06,0,28,58,0,33
2021-05-15 21:47:09,0,28,56,0,33
2021-05-15 22:02:11,0,27,58,0,33
2021-05-15 22:17:15,0,26,58,0,33
2021-05-15 22:32:17,0,24,56,0,33
2021-05-15 22:47:19,0,24,58,0,33
2021-05-15 23:02:23,0,24,56,0,33
2021-05-15 23:17:25,0,24,55,0,32
2021-05-15 23:32:27,0,23,55,0,33
2021-05-15 23:47:31,0,23,55,0,33
2021-05-16 00:02:33,46,165,199,0,32
2021-05-16 00:17:36,46,165,199,0,32
2021-05-16 00:32:38,45,165,199,0,32
2021-05-16 00:47:40,45,165,199,0,32
2021-05-16 01:02:42,45,165,199,0,32
2021-05-16 01:17:45,44,164,199,0,32
2021-05-16 01:32:47,45,164,199,0,32
2021-05-16 01:47:50,45,164,199,0,32
2021-05-16 02:02:52,45,164,199,0,32
2021-05-16 02:17:55,45,164,199,0,32
2021-05-16 02:32:57,45,164,199,0,32
2021-05-16 02:47:59,45,164,199,0,32
2021-05-16 03:03:01,45,164,199,0,32
2021-05-16 03:18:03,45,164,199,0,32
2021-05-16 03:33:06,45,163,199,0,32
2021-05-16 03:48:08,45,163,199,0,32
2021-05-16 04:03:10,44,163,199,0,32
2021-05-16 04:18:12,44,163,199,0,32
2021-05-16 04:33:14,44,163,199,0,32
2021-05-16 04:48:16,44,163,199,0,32
2021-05-16 05:03:18,44,163,199,0,32
2021-05-16 05:18:21,44,163,197,0,32
2021-05-16 05:33:23,44,163,195,0,32
2021-05-16 05:48:25,44,163,195,0,32
2021-05-16 06:03:27,44,163,195,0,32
2021-05-16 06:18:29,44,163,195,0,32
2021-05-16 06:33:32,44,163,195,0,32
2021-05-16 06:48:34,43,163,195,0,32
2021-05-16 07:03:36,43,163,195,0,32
2021-05-16 07:18:38,43,163,195,0,32
2021-05-16 07:33:40,42,163,193,0,32
2021-05-16 07:48:42,41,163,193,0,32
2021-05-16 08:03:45,39,163,191,0,32
2021-05-16 08:18:47,38,163,191,0,33
2021-05-16 08:33:50,39,163,191,0,32
2021-05-16 08:48:53,38,161,191,0,32
2021-05-16 09:03:55,38,161,189,0,32
2021-05-16 09:18:57,37,162,189,0,32
2021-05-16 09:34:00,36,161,187,0,32
2021-05-16 09:49:03,33,161,187,0,31
2021-05-16 10:04:05,30,161,187,0,31
2021-05-16 10:19:07,29,159,187,0,31
2021-05-16 10:34:09,26,158,187,0,31
2021-05-16 10:49:12,25,155,191,0,31
2021-05-16 11:04:17,26,155,191,0,29
2021-05-16 11:19:20,24,154,191,0,29
2021-05-16 11:34:22,22,154,189,0,28
2021-05-16 11:49:24,21,155,189,0,29
2021-05-16 12:04:27,22,155,187,0,27
2021-05-16 12:19:30,23,151,187,0,26
2021-05-16 12:34:33,22,151,189,0,26
2021-05-16 12:49:36,22,150,189,0,26
2021-05-16 13:04:38,21,149,189,0,26
2021-05-16 13:19:41,18,149,187,0,26
2021-05-16 13:34:43,17,147,185,0,25
2021-05-16 13:49:45,16,148,183,0,26
2021-05-16 14:04:48,15,146,183,0,25
2021-05-16 14:19:50,13,145,183,0,25
2021-05-16 14:34:53,12,144,181,0,25
2021-05-16 14:49:55,10,144,181,0,24
2021-05-16 15:04:57,10,144,181,0,24
2021-05-16 15:19:59,9,143,179,0,24
2021-05-16 15:35:01,7,144,179,0,24
2021-05-16 15:50:05,8,144,181,0,23
2021-05-16 16:05:07,6,142,181,0,22
2021-05-16 16:20:10,6,141,181,0,22
2021-05-16 16:35:12,6,140,181,0,22
2021-05-16 16:50:14,5,139,181,0,22
2021-05-16 17:05:16,4,135,181,0,22
2021-05-16 17:20:18,2,135,181,0,22
2021-05-16 17:35:20,2,135,181,0,22
2021-05-16 17:50:23,1,136,181,0,21
2021-05-16 18:05:26,0,136,183,0,20
2021-05-16 18:20:30,0,135,183,0,20
2021-05-16 18:35:32,0,132,181,0,20
2021-05-16 18:50:34,0,131,183,0,20
2021-05-16 19:05:38,0,127,183,0,18
2021-05-16 19:20:40,0,127,183,0,19
2021-05-16 19:35:43,0,129,183,0,19
2021-05-16 19:50:46,0,128,183,0,19
2021-05-16 20:05:48,0,126,183,0,18
2021-05-16 20:20:51,0,127,183,0,18
2021-05-16 20:35:54,0,126,181,0,17
2021-05-16 20:50:56,0,126,181,0,16
2021-05-16 21:05:58,0,125,183,0,16
2021-05-16 21:21:02,0,125,183,0,16
2021-05-16 21:36:04,0,123,181,0,16
2021-05-16 21:51:06,0,122,183,0,16
2021-05-16 22:06:09,0,122,185,0,15
2021-05-16 22:21:12,0,121,181,0,15
2021-05-16 22:36:15,0,121,181,0,15
2021-05-16 22:51:17,0,121,181,0,15
2021-05-16 23:06:19,0,119,179,0,15
2021-05-16 23:21:21,0,119,179,0,15
2021-05-16 23:36:24,0,119,179,0,16
2021-05-16 23:51:27,0,119,179,0,16
2021-05-17 00:06:29,0,179,179,129,14
2021-05-17 00:21:33,0,179,179,128,14
2021-05-17 00:36:35,0,179,179,129,14
2021-05-17 00:51:39,0,179,179,126,14
2021-05-17 01:06:41,0,179,179,123,14
2021-05-17 01:21:43,0,179,179,124,14
2021-05-17 01:36:47,0,179,179,122,14
2021-05-17 01:51:49,0,179,179,123,14
2021-05-17 02:06:52,0,179,179,123,14
2021-05-17 02:21:55,0,179,179,121,14
2021-05-17 02:36:57,0,179,179,120,14
2021-05-17 02:52:00,0,179,179,120,14
2021-05-17 03:07:02,0,179,179,120,14
2021-05-17 03:22:04,0,179,179,120,14
2021-05-17 03:37:06,0,179,179,119,14
2021-05-17 03:52:09,0,179,181,119,14
2021-05-17 04:07:12,0,179,181,119,14
2021-05-17 04:22:14,0,179,181,118,14
2021-05-17 04:37:17,0,178,181,116,14
2021-05-17 04:52:19,0,176,181,115,14
2021-05-17 05:07:21,0,177,181,113,14
2021-05-17 05:22:25,0,176,181,111,14
2021-05-17 05:37:27,0,175,181,108,13
2021-05-17 05:52:29,0,171,179,107,13
2021-05-17 06:07:32,0,168,179,97,12
2021-05-17 06:22:34,0,164,177,85,9
2021-05-17 06:37:37,0,163,177,77,10
2021-05-17 06:52:41,0,159,173,70,6
2021-05-17 07:07:43,0,154,169,57,4
2021-05-17 07:22:45,0,151,169,46,4
2021-05-17 07:37:48,0,130,159,6,0
2021-05-17 07:52:51,0,75,137,0,0
2021-05-17 08:07:53,0,48,119,0,0
2021-05-17 08:22:56,0,35,109,0,0
2021-05-17 08:37:59,0,18,90,0,0
2021-05-17 08:53:02,0,7,66,0,0
2021-05-17 09:08:04,0,0,52,0,0
2021-05-17 09:23:07,0,0,28,0,0
2021-05-17 09:38:10,0,0,14,0,0
2021-05-17 09:53:13,0,0,0,0,0
2021-05-17 10:08:16,0,0,0,0,0
2021-05-17 10:23:19,0,0,0,0,0
2021-05-17 10:38:22,0,0,0,0,0
2021-05-17 10:53:25,0,0,0,0,0
2021-05-17 11:08:27,0,0,0,0,0
2021-05-17 11:23:31,0,0,0,0,0
2021-05-17 11:38:34,0,0,0,0,0
2021-05-17 11:53:37,0,0,0,0,0
2021-05-17 12:08:39,0,0,0,0,0
2021-05-17 12:23:42,0,0,0,0,0
2021-05-17 12:38:45,0,0,0,0,0
2021-05-17 12:53:48,0,0,0,0,0
2021-05-17 13:08:51,0,0,0,0,0
2021-05-17 13:23:53,0,0,4,0,129
2021-05-17 13:38:57,0,0,6,0,101
2021-05-17 13:54:01,0,0,2,0,63
2021-05-17 14:09:04,0,0,0,0,48
2021-05-17 14:24:08,0,0,0,0,46
2021-05-17 14:39:11,0,0,2,0,26
2021-05-17 14:54:15,0,0,0,0,14
2021-05-17 15:09:19,0,0,2,0,5
2021-05-17 15:24:23,0,0,0,0,0
2021-05-17 15:39:27,0,0,0,0,0
2021-05-17 15:54:30,0,0,0,0,0
2021-05-17 16:09:33,0,0,0,0,0
2021-05-17 16:24:36,0,0,0,0,0
2021-05-17 16:39:40,0,0,0,0,0
2021-05-17 16:54:42,0,0,0,0,0
2021-05-17 17:09:45,0,0,0,0,0
2021-05-17 17:24:49,0,0,0,0,0
2021-05-17 17:39:52,0,0,0,0,0
2021-05-17 17:54:55,0,0,0,0,0
2021-05-17 18:09:58,0,0,0,0,0
2021-05-17 18:25:01,0,0,0,0,0
2021-05-17 18:40:04,0,0,0,0,0
2021-05-17 18:55:08,0,0,0,0,0
2021-05-17 19:10:12,0,0,0,0,0
2021-05-17 19:25:15,0,0,0,0,0
2021-05-17 19:40:19,0,0,0,0,0
2021-05-17 19:55:22,0,0,0,0,0
2021-05-17 20:10:25,0,0,0,0,0
2021-05-17 20:25:28,0,0,0,0,0
2021-05-17 20:40:31,0,0,0,0,0
2021-05-17 20:55:34,0,0,0,0,0
2021-05-17 21:10:38,0,0,0,0,0
2021-05-17 21:25:41,0,0,0,0,0
2021-05-17 21:40:44,0,0,0,0,0
2021-05-17 21:55:48,0,0,0,0,0
2021-05-17 22:10:51,0,0,0,0,0
2021-05-17 22:25:54,0,0,0,0,0
2021-05-17 22:40:57,0,0,0,0,0
2021-05-17 22:56:00,0,0,0,0,0
2021-05-17 23:11:04,0,0,0,0,0
2021-05-17 23:26:07,0,0,0,0,0
2021-05-17 23:41:10,0,0,0,0,0
2021-05-17 23:56:13,0,0,0,0,0
2021-05-18 00:11:16,0,0,0,76,0
2021-05-18 00:26:20,0,0,0,72,0
2021-05-18 00:41:23,0,0,0,71,0
2021-05-18 00:56:26,0,0,0,69,0
2021-05-18 01:11:29,0,0,0,69,0
2021-05-18 01:26:32,0,0,0,68,0
2021-05-18 01:41:36,0,0,0,68,0
2021-05-18 01:56:39,0,0,0,67,0
2021-05-18 02:11:42,0,0,0,66,0
2021-05-18 02:26:45,0,0,0,66,0
2021-05-18 02:41:48,0,0,0,65,0
2021-05-18 02:56:52,0,0,0,65,0
2021-05-18 03:11:55,0,0,0,66,0
2021-05-18 03:27:00,0,0,0,64,0
2021-05-18 03:42:03,0,0,0,64,0
2021-05-18 03:57:06,0,0,0,61,0
2021-05-18 04:12:09,0,0,2,60,0
2021-05-18 04:27:15,0,0,0,58,0
2021-05-18 04:42:18,0,0,0,56,0
2021-05-18 04:57:21,0,0,0,54,0
2021-05-18 05:12:25,0,0,0,52,0
2021-05-18 05:27:29,0,0,0,49,0
2021-05-18 05:42:31,0,0,0,46,0
2021-05-18 05:57:34,0,0,0,41,0
2021-05-18 06:12:38,0,0,0,28,0
2021-05-18 06:27:41,0,0,0,19,0
2021-05-18 06:42:44,0,0,0,4,0
2021-05-18 06:57:47,0,0,0,0,0
2021-05-18 07:12:50,0,0,0,0,0
2021-05-18 07:27:53,0,0,0,0,0
2021-05-18 07:42:56,0,0,0,0,0
2021-05-18 07:58:00,0,0,0,0,0
2021-05-18 08:13:03,0,0,0,0,0
2021-05-18 08:28:07,0,0,0,0,0
2021-05-18 08:43:11,0,0,0,0,0
2021-05-18 08:58:14,0,0,0,0,0
2021-05-18 09:13:18,0,0,0,0,0
2021-05-18 09:28:21,0,0,0,0,0
2021-05-18 09:43:24,0,0,0,0,0
2021-05-18 09:58:28,0,0,0,0,0
2021-05-18 10:13:31,0,0,0,0,0
2021-05-18 10:28:34,0,0,0,0,0
2021-05-18 10:43:37,0,0,0,0,0
2021-05-18 10:58:40,0,0,0,0,0
2021-05-18 11:13:43,0,0,43,0,0
2021-05-18 11:28:49,0,0,28,0,0
2021-05-18 11:43:52,0,0,17,0,0
2021-05-18 11:58:56,0,0,6,0,0
2021-05-18 12:13:59,0,0,1,0,0
2021-05-18 12:29:03,0,0,0,0,0
2021-05-18 12:44:06,0,0,0,0,0
2021-05-18 12:59:09,0,0,0,0,0
2021-05-18 13:14:13,0,0,0,0,0
2021-05-18 13:29:16,0,0,0,0,0
2021-05-18 13:44:20,0,0,0,0,0
2021-05-18 13:59:23,0,0,0,0,0
2021-05-18 14:14:27,0,0,0,0,0
2021-05-18 14:29:30,0,0,0,0,0
2021-05-18 14:44:33,0,0,0,0,0
2021-05-18 14:59:36,0,0,0,0,0
2021-05-18 15:14:39,0,0,0,0,0
2021-05-18 15:29:43,0,0,0,0,0
2021-05-18 15:44:46,0,0,0,0,0
2021-05-18 15:59:50,0,0,0,0,0
2021-05-18 16:14:53,0,0,0,0,0
2021-05-18 16:29:57,0,0,0,0,0
2021-05-18 16:45:00,0,0,0,0,0
2021-05-18 17:00:04,0,0,0,0,0
2021-05-18 17:15:08,0,0,0,0,0
2021-05-18 17:30:11,0,0,0,0,0
2021-05-18 17:45:14,0,0,0,0,0
2021-05-18 18:00:18,0,0,0,0,0
2021-05-18 18:15:21,0,0,0,0,0
2021-05-18 18:30:24,0,0,0,0,0
2021-05-18 18:45:27,0,0,0,0,0
2021-05-18 19:00:30,0,0,0,0,0
2021-05-18 19:15:34,0,0,0,0,0
2021-05-18 19:30:37,0,0,0,0,0
2021-05-18 19:45:41,0,0,0,0,0
2021-05-18 20:00:45,0,0,0,0,0
2021-05-18 20:15:48,0,0,0,0,0
2021-05-18 20:30:51,0,0,0,0,0
2021-05-18 20:45:54,0,0,0,0,0
2021-05-18 21:00:57,0,0,0,0,0
2021-05-18 21:16:00,0,0,0,0,0
2021-05-18 21:31:03,0,0,0,0,0
2021-05-18 21:46:06,0,0,0,0,0
2021-05-18 22:01:10,0,0,0,0,0
2021-05-18 22:16:13,0,0,0,0,0
2021-05-18 22:31:17,0,0,0,0,0
2021-05-18 22:46:20,0,0,0,0,0
2021-05-18 23:01:24,0,0,0,0,0
2021-05-18 23:16:28,0,0,0,0,0
2021-05-18 23:31:31,0,0,0,0,0
2021-05-18 23:46:34,0,0,0,0,0
2021-05-19 00:01:37,32,0,0,0,0
2021-05-19 00:16:41,30,0,0,0,0
2021-05-19 00:31:44,30,0,0,0,0
2021-05-19 00:46:47,30,0,0,0,0
2021-05-19 01:01:50,28,0,0,0,0
2021-05-19 01:16:52,28,0,0,0,0
2021-05-19 01:31:55,27,0,0,0,0
2021-05-19 01:46:58,27,0,0,0,0
2021-05-19 02:02:00,27,0,0,0,0
2021-05-19 02:17:03,27,0,0,0,0
2021-05-19 02:32:06,27,0,0,0,0
2021-05-19 02:47:08,26,0,0,0,0
2021-05-19 03:02:11,26,0,0,0,0
2021-05-19 03:17:13,26,0,0,0,0
2021-05-19 03:32:16,26,0,0,0,0
2021-05-19 03:47:19,26,0,0,0,0
2021-05-19 04:02:22,25,0,0,0,0
2021-05-19 04:17:24,24,0,0,0,0
2021-05-19 04:32:27,24,0,0,0,0
2021-05-19 04:47:30,22,0,0,0,0
2021-05-19 05:02:33,21,0,0,0,0
2021-05-19 05:17:35,19,0,0,0,0
2021-05-19 05:32:38,18,0,0,0,0
2021-05-19 05:47:41,17,0,0,0,0
2021-05-19 06:02:44,14,0,0,0,0
2021-05-19 06:17:46,12,0,0,0,0
2021-05-19 06:32:49,8,0,0,0,0
2021-05-19 06:47:52,7,0,0,0,0
2021-05-19 07:02:55,5,0,0,0,0
2021-05-19 07:17:58,0,0,0,0,0
2021-05-19 07:33:00,0,0,0,0,0
2021-05-19 07:48:03,0,0,0,0,0
2021-05-19 08:03:06,0,0,0,0,0
2021-05-19 08:18:09,0,0,0,0,0
2021-05-19 08:33:11,0,0,0,0,0
2021-05-19 08:48:14,0,0,0,0,0
2021-05-19 09:03:17,0,0,0,0,0
2021-05-19 09:18:20,0,0,0,0,0
2021-05-19 09:33:22,0,0,0,0,0
2021-05-19 09:48:25,0,0,0,0,0
2021-05-19 10:03:27,0,0,1,0,0
2021-05-19 10:18:31,0,0,0,0,0
2021-05-19 10:33:34,0,0,78,0,0
2021-05-19 10:48:38,0,0,48,0,0
2021-05-19 11:03:41,0,0,12,0,0
2021-05-19 11:18:44,0,0,0,0,0
2021-05-19 11:33:47,0,0,0,0,0
2021-05-19 11:48:50,0,0,0,0,0
2021-05-19 12:03:53,0,0,0,0,0
2021-05-19 12:18:56,0,0,0,0,0
2021-05-19 12:33:58,0,0,0,0,0
2021-05-19 12:49:01,1,0,0,0,0
2021-05-19 13:04:12,1,0,0,0,0
2021-05-19 13:19:15,0,0,0,0,0
2021-05-19 13:34:18,0,0,0,0,0
2021-05-19 13:49:21,0,0,0,0,0
2021-05-19 14:04:23,0,0,0,0,0
2021-05-19 14:19:26,0,0,0,0,0
2021-05-19 14:34:29,0,0,0,0,0
2021-05-19 14:49:32,0,0,0,0,0
2021-05-19 15:04:35,0,0,0,0,0
2021-05-19 15:19:37,0,0,0,0,0
2021-05-19 15:34:40,0,0,0,0,0
2021-05-19 15:49:43,9,0,0,0,0
2021-05-19 16:04:47,8,0,0,0,0
2021-05-19 16:19:50,7,0,0,0,0
2021-05-19 16:34:53,5,0,0,0,0
2021-05-19 16:49:55,5,0,0,0,0
2021-05-19 17:04:58,4,0,0,0,0
2021-05-19 17:20:01,4,0,0,0,0
2021-05-19 17:35:04,1,0,0,0,0
2021-05-19 17:50:07,0,0,0,0,0
2021-05-19 18:05:10,0,0,0,0,0
2021-05-19 18:20:13,0,0,0,0,0
2021-05-19 18:35:15,0,0,0,0,0
2021-05-19 18:50:18,0,0,0,0,0
2021-05-19 19:05:21,0,0,0,0,0
2021-05-19 19:20:24,0,0,0,0,0
2021-05-19 19:35:27,1,0,0,0,0
2021-05-19 19:50:31,0,0,0,0,0
2021-05-19 20:05:34,0,0,0,0,0
2021-05-19 20:20:37,0,0,0,0,0
2021-05-19 20:35:40,0,0,0,0,0
2021-05-19 20:50:43,0,0,0,0,0
2021-05-19 21:05:45,0,0,0,0,0
2021-05-19 21:20:48,0,0,0,0,0
2021-05-19 21:35:51,0,0,0,0,0
2021-05-19 21:50:54,0,0,0,0,0
2021-05-19 22:05:56,0,0,0,0,0
2021-05-19 22:20:59,0,0,0,0,0
2021-05-19 22:36:02,0,0,0,0,0
2021-05-19 22:51:04,0,0,0,0,0
2021-05-19 23:06:07,0,0,0,0,0
2021-05-19 23:21:09,0,0,0,0,0
2021-05-19 23:36:12,0,0,0,0,0
2021-05-19 23:51:15,0,0,0,0,0
2021-05-20 00:06:18,0,0,0,0,0
2021-05-20 00:21:20,0,0,0,0,0
2021-05-20 00:36:22,0,0,0,0,0
2021-05-20 00:51:25,0,0,0,0,0
2021-05-20 01:06:27,0,0,0,0,0
2021-05-20 01:21:29,0,0,0,0,0
2021-05-20 01:36:31,0,0,0,0,0
2021-05-20 01:51:34,0,0,0,0,0
2021-05-20 02:06:36,0,0,0,0,0
2021-05-20 02:21:38,0,0,0,0,0
2021-05-20 02:36:40,0,0,0,0,0
2021-05-20 02:51:42,0,0,0,0,0
2021-05-20 03:06:45,0,0,0,0,0
2021-05-20 03:21:47,0,0,0,0,0
2021-05-20 03:36:49,0,0,0,0,0
2021-05-20 03:51:51,0,0,0,0,0
2021-05-20 04:06:53,0,0,0,0,0
2021-05-20 04:21:56,0,0,0,0,0
2021-05-20 04:36:58,0,0,0,0,0
2021-05-20 04:52:00,0,0,0,0,0
2021-05-20 05:07:03,0,0,0,0,0
2021-05-20 05:22:05,0,0,0,0,0
2021-05-20 05:37:07,0,0,0,0,0
2021-05-20 05:52:09,0,0,0,0,0
2021-05-20 06:07:11,0,0,0,0,0
2021-05-20 06:22:14,0,0,0,0,0
2021-05-20 06:37:16,0,0,0,0,0
2021-05-20 06:52:18,0,0,0,0,0
2021-05-20 07:07:20,0,0,0,0,0
2021-05-20 07:22:23,0,0,0,0,0
2021-05-20 07:37:25,0,0,0,0,0
2021-05-20 07:52:27,0,0,0,0,0
2021-05-20 08:07:29,0,0,0,0,0
2021-05-20 08:22:31,0,0,0,0,0
2021-05-20 08:37:34,0,0,0,0,0
2021-05-20 08:52:36,0,0,0,0,0
2021-05-20 09:07:39,0,0,0,0,0
2021-05-20 09:22:41,0,0,0,0,0
2021-05-20 09:37:43,0,0,0,0,0
2021-05-20 09:52:45,0,0,0,0,0
2021-05-20 10:07:47,0,0,0,0,0
2021-05-20 10:22:50,0,0,0,0,0
2021-05-20 10:37:52,0,0,0,0,0
2021-05-20 10:52:54,0,0,0,0,0
2021-05-20 11:07:56,0,0,0,0,0
2021-05-20 11:22:59,0,0,0,0,0
2021-05-20 11:38:01,0,0,0,0,0
2021-05-20 11:53:03,0,0,0,0,0
2021-05-20 12:08:06,0,0,0,0,0
2021-05-20 12:23:08,0,0,0,0,0
2021-05-20 12:38:10,0,0,0,0,0
2021-05-20 12:53:12,0,0,0,0,0
2021-05-20 13:08:14,0,0,0,0,0
2021-05-20 13:23:17,0,0,0,0,0
2021-05-20 13:38:19,0,0,0,0,0
2021-05-20 13:53:22,0,0,0,0,0
2021-05-20 14:08:24,0,0,0,0,0
2021-05-20 14:23:26,0,0,0,0,0
2021-05-20 14:38:29,0,0,0,0,0
2021-05-20 14:53:31,0,0,0,0,0
2021-05-20 15:08:33,0,0,0,0,0
2021-05-20 15:23:35,0,0,0,0,0
2021-05-20 15:38:37,0,0,0,0,0
2021-05-20 15:53:40,0,0,0,0,0
2021-05-20 16:08:42,0,0,0,0,0
2021-05-20 16:23:44,0,0,0,0,0
2021-05-20 16:38:46,1,0,0,0,0
2021-05-20 16:53:51,0,0,0,0,0
2021-05-20 17:08:53,0,0,0,0,0
2021-05-20 17:23:55,0,0,0,0,0
2021-05-20 17:38:57,0,0,0,0,0
2021-05-20 17:53:59,0,0,0,0,0
2021-05-20 18:09:02,0,0,0,0,0
2021-05-20 18:24:04,0,0,0,0,0
2021-05-20 18:39:06,0,0,0,0,0
2021-05-20 18:54:08,0,0,0,0,0
2021-05-20 19:09:10,0,0,0,0,0
2021-05-20 19:24:12,0,0,0,0,0
2021-05-20 19:39:14,0,0,0,0,0
2021-05-20 19:54:16,0,0,0,0,0
2021-05-20 20:09:19,0,0,0,0,0
2021-05-20 20:24:21,0,0,0,0,0
2021-05-20 20:39:23,0,0,0,0,0
2021-05-20 20:54:26,0,0,0,0,0
2021-05-20 21:09:28,0,0,0,0,0
2021-05-20 21:24:30,0,0,0,0,0
2021-05-20 21:39:33,0,0,0,0,0
2021-05-20 21:54:35,0,0,0,0,0
2021-05-20 22:09:37,0,0,0,0,0
2021-05-20 22:24:39,0,0,0,0,0
2021-05-20 22:39:42,0,0,0,0,0
2021-05-20 22:54:44,0,0,0,0,0
2021-05-20 23:09:46,0,0,0,0,0
2021-05-20 23:24:48,0,0,0,0,0
2021-05-20 23:39:50,0,0,0,0,0
2021-05-20 23:54:53,0,0,0,0,0
2021-05-21 00:09:55,0,0,0,0,0
2021-05-21 00:24:57,0,0,0,0,0
2021-05-21 00:39:59,0,0,0,0,0
2021-05-21 00:55:01,0,0,0,0,0
2021-05-21 01:10:03,0,0,0,0,0
2021-05-21 01:25:06,0,0,0,0,0
2021-05-21 01:40:08,0,0,0,0,0
2021-05-21 01:55:10,0,0,0,0,0
2021-05-21 02:10:12,0,0,0,0,0
2021-05-21 02:25:14,0,0,0,0,0
2021-05-21 02:40:16,0,0,0,0,0
2021-05-21 02:55:18,0,0,0,0,0
2021-05-21 03:10:20,0,0,0,0,0
2021-05-21 03:25:22,0,0,0,0,0
2021-05-21 03:40:25,0,0,0,0,0
2021-05-21 03:55:27,0,0,0,0,0
2021-05-21 04:10:29,0,0,0,0,0
2021-05-21 04:25:31,0,0,0,0,0
2021-05-21 04:40:33,0,0,0,0,0
2021-05-21 04:55:35,0,0,0,1,0
2021-05-21 05:10:39,0,0,0,0,0
2021-05-21 05:25:41,0,0,0,0,0
2021-05-21 05:40:43,0,0,0,0,0
2021-05-21 05:55:45,0,0,0,0,0
2021-05-21 06:10:48,0,0,0,0,0
2021-05-21 06:25:50,0,0,0,0,0
2021-05-21 06:40:52,0,0,0,0,0
2021-05-21 06:55:54,0,0,0,0,0
2021-05-21 07:10:56,0,0,0,0,0
2021-05-21 07:25:58,0,0,0,0,0
2021-05-21 07:41:00,0,0,0,0,0
2021-05-21 07:56:02,0,0,0,0,0
2021-05-21 08:11:04,0,0,0,0,0
2021-05-21 08:26:06,0,0,0,0,0
2021-05-21 08:41:08,0,0,0,0,0
2021-05-21 08:56:10,0,0,0,0,0
2021-05-21 09:11:12,0,0,0,0,0
2021-05-21 09:26:15,0,0,0,0,0
2021-05-21 09:41:17,0,0,0,0,0
2021-05-21 09:56:19,0,0,0,0,0
2021-05-21 10:11:21,0,0,0,0,0
2021-05-21 10:26:23,0,0,0,0,0
2021-05-21 10:41:25,0,0,0,0,0
2021-05-21 10:56:27,0,0,0,0,0
2021-05-21 11:11:29,0,0,0,0,0
2021-05-21 11:26:31,0,0,0,0,0
2021-05-21 11:41:33,0,0,0,0,0
2021-05-21 11:56:35,0,0,0,0,0
2021-05-21 12:11:37,0,0,0,0,0
2021-05-21 12:26:39,0,0,0,0,0
2021-05-21 12:41:41,0,0,0,0,0
2021-05-21 12:56:43,0,0,0,0,0
2021-05-21 13:11:45,0,0,0,0,0
2021-05-21 13:26:47,0,0,0,0,0
2021-05-21 13:41:49,0,0,0,0,0
2021-05-21 13:56:51,0,0,0,0,0
2021-05-21 14:11:53,0,0,0,0,0
2021-05-21 14:26:55,0,0,0,0,0
2021-05-21 14:41:58,0,0,0,0,0
2021-05-21 14:57:00,0,0,0,0,0
2021-05-21 15:12:02,0,0,0,0,0
2021-05-21 15:27:04,0,0,0,0,0
2021-05-21 15:42:06,0,0,0,0,0
2021-05-21 15:57:08,0,0,0,0,0
2021-05-21 16:12:10,0,0,0,0,0
2021-05-21 16:27:13,0,0,0,0,0
2021-05-21 16:42:15,0,0,0,0,0
2021-05-21 16:57:17,0,0,0,0,0
2021-05-21 17:12:19,0,0,0,0,0
2021-05-21 17:27:21,0,0,0,0,0
2021-05-21 17:42:23,0,0,0,0,0
2021-05-21 17:57:25,0,0,0,0,0
2021-05-21 18:12:27,0,0,0,0,0
2021-05-21 18:27:29,0,0,0,0,0
2021-05-21 18:42:31,0,0,0,0,0
2021-05-21 18:57:33,0,0,0,0,0
2021-05-21 19:12:36,0,0,0,0,0
2021-05-21 19:27:38,0,0,0,0,0
2021-05-21 19:42:40,0,0,0,0,0
2021-05-21 19:57:42,0,0,0,0,0
2021-05-21 20:12:45,0,0,0,0,0
2021-05-21 20:27:47,0,0,0,0,0
2021-05-21 20:42:49,0,0,0,0,0
2021-05-21 20:57:51,0,0,0,0,0
2021-05-21 21:12:53,0,0,0,0,0
2021-05-21 21:27:55,0,0,0,0,0
2021-05-21 21:42:57,0,0,0,0,0
2021-05-21 21:57:59,0,0,0,0,0
2021-05-21 22:13:01,0,0,0,0,0
2021-05-21 22:28:04,0,0,0,0,0
2021-05-21 22:43:06,0,0,0,0,0
2021-05-21 22:58:08,0,0,0,0,0
2021-05-21 23:13:10,0,0,0,0,0
2021-05-21 23:28:12,0,0,0,0,0
2021-05-21 23:43:14,0,0,0,0,0
2021-05-21 23:58:16,0,0,0,0,0
2021-05-22 00:13:18,0,42,64,0,0
2021-05-22 00:28:23,0,41,64,0,0
2021-05-22 00:43:25,0,37,64,0,0
2021-05-22 00:58:28,0,35,62,0,0
2021-05-22 01:13:31,0,35,64,0,0
2021-05-22 01:28:35,0,33,64,0,0
2021-05-22 01:43:37,0,33,64,0,0
2021-05-22 01:58:40,0,35,64,0,0
2021-05-22 02:13:44,0,35,64,0,0
2021-05-22 02:28:47,0,34,64,0,0
2021-05-22 02:43:49,0,33,64,0,0
2021-05-22 02:58:52,0,33,64,0,0
2021-05-22 03:13:55,0,33,64,0,0
2021-05-22 03:28:58,0,29,64,0,0
2021-05-22 03:44:00,0,29,62,0,0
2021-05-22 03:59:03,0,30,62,0,0
2021-05-22 04:14:07,0,30,62,0,0
2021-05-22 04:29:10,0,30,62,0,0
2021-05-22 04:44:12,0,30,62,0,0
2021-05-22 04:59:15,0,29,62,0,0
2021-05-22 05:14:17,0,28,62,0,0
2021-05-22 05:29:20,0,27,60,0,0
2021-05-22 05:44:23,0,26,60,0,0
2021-05-22 05:59:25,0,26,60,0,0
2021-05-22 06:14:28,0,23,60,0,0
2021-05-22 06:29:30,0,23,60,0,0
2021-05-22 06:44:33,0,17,58,0,0
2021-05-22 06:59:35,0,15,58,0,0
2021-05-22 07:14:38,0,11,56,0,0
2021-05-22 07:29:40,0,7,56,0,0
2021-05-22 07:44:43,0,0,56,0,0
2021-05-22 07:59:46,0,0,56,0,0
2021-05-22 08:14:49,0,0,50,0,0
2021-05-22 08:29:52,0,0,50,0,0
2021-05-22 08:44:55,0,0,48,0,0
2021-05-22 08:59:58,0,0,48,0,0
2021-05-22 09:15:00,0,0,44,0,0
2021-05-22 09:30:03,0,0,40,0,0
2021-05-22 09:45:05,0,0,42,0,0
2021-05-22 10:00:09,0,0,38,0,0
2021-05-22 10:15:12,0,0,30,0,0
2021-05-22 10:30:14,0,0,26,0,0
2021-05-22 10:45:17,0,0,28,0,0
2021-05-22 11:00:21,0,0,26,0,0
2021-05-22 11:15:23,0,0,18,0,0
2021-05-22 11:30:26,0,0,18,0,0
2021-05-22 11:45:29,0,0,16,0,0
2021-05-22 12:00:31,0,0,16,0,0
2021-05-22 12:15:34,0,0,14,0,0
2021-05-22 12:30:37,0,0,12,0,0
2021-05-22 12:45:40,0,0,8,0,0
2021-05-22 13:00:42,0,0,8,0,0
2021-05-22 13:15:45,0,0,6,0,0
2021-05-22 13:30:48,0,0,8,0,0
2021-05-22 13:45:52,0,0,4,0,0
2021-05-22 14:00:55,0,0,4,0,0
2021-05-22 14:15:58,0,0,2,0,0
2021-05-22 14:31:00,0,0,0,0,0
2021-05-22 14:46:03,0,0,2,0,0
2021-05-22 15:01:08,0,0,0,0,0
2021-05-22 15:16:10,0,0,0,0,0
2021-05-22 15:31:13,0,0,0,0,0
2021-05-22 15:46:15,0,0,0,0,0
2021-05-22 16:01:18,0,0,0,0,0
2021-05-22 16:16:21,0,0,0,0,0
2021-05-22 16:31:23,0,0,0,0,0
2021-05-22 16:46:26,0,0,0,0,0
2021-05-22 17:01:29,0,0,0,0,0
2021-05-22 17:16:32,0,0,0,0,0
2021-05-22 17:31:34,0,0,0,0,0
2021-05-22 17:46:37,0,0,0,0,0
2021-05-22 18:01:40,0,0,0,0,0
2021-05-22 18:16:43,0,0,0,0,0
2021-05-22 18:31:46,0,0,0,0,0
2021-05-22 18:46:48,0,0,0,0,0
2021-05-22 19:01:51,0,0,0,0,0
2021-05-22 19:16:54,0,0,0,0,0
2021-05-22 19:31:57,0,0,0,0,0
2021-05-22 19:47:00,0,0,0,0,0
2021-05-22 20:02:03,0,0,0,0,0
2021-05-22 20:17:06,0,0,0,0,0
2021-05-22 20:32:08,0,0,0,0,0
2021-05-22 20:47:11,0,0,0,0,0
2021-05-22 21:02:14,0,0,2,0,0
2021-05-22 21:17:18,0,0,0,0,0
2021-05-22 21:32:21,0,0,0,0,0
2021-05-22 21:47:23,0,0,0,0,0
2021-05-22 22:02:26,0,0,0,0,0
2021-05-22 22:17:29,0,0,0,0,0
2021-05-22 22:32:32,0,0,0,0,0
2021-05-22 22:47:35,0,0,0,0,0
2021-05-22 23:02:38,0,0,0,0,0
2021-05-22 23:17:40,0,0,0,0,0
2021-05-22 23:32:43,0,0,0,0,0
2021-05-22 23:47:45,0,0,0,0,0
2021-05-23 00:02:48,49,49,66,78,55
2021-05-23 00:17:53,49,48,74,77,48
2021-05-23 00:32:57,49,46,74,76,47
2021-05-23 00:48:01,49,46,72,76,47
2021-05-23 01:03:04,49,43,72,75,46
2021-05-23 01:18:09,49,42,70,74,44
2021-05-23 01:33:12,49,42,70,74,41
2021-05-23 01:48:16,49,41,72,74,39
2021-05-23 02:03:20,49,40,72,74,39
2021-05-23 02:18:24,49,40,72,73,39
2021-05-23 02:33:27,49,40,70,73,39
2021-05-23 02:48:31,49,39,70,73,39
2021-05-23 03:03:34,49,38,70,73,38
2021-05-23 03:18:37,49,39,70,73,38
2021-05-23 03:33:42,49,39,70,73,38
2021-05-23 03:48:45,49,39,70,72,38
2021-05-23 04:03:49,49,39,70,72,38
2021-05-23 04:18:52,49,38,70,72,38
2021-05-23 04:33:56,49,37,70,72,38
2021-05-23 04:48:59,49,37,70,72,38
2021-05-23 05:04:03,49,37,70,72,38
2021-05-23 05:19:06,49,37,70,72,37
2021-05-23 05:34:10,49,37,70,72,37
2021-05-23 05:49:13,49,37,70,72,37
2021-05-23 06:04:17,49,37,70,71,36
2021-05-23 06:19:21,48,37,70,71,36
2021-05-23 06:34:24,47,37,70,71,37
2021-05-23 06:49:28,47,35,70,71,35
2021-05-23 07:04:32,47,34,70,70,33
2021-05-23 07:19:35,47,33,68,69,33
2021-05-23 07:34:38,47,34,70,68,32
2021-05-23 07:49:43,47,31,70,67,30
2021-05-23 08:04:47,47,29,72,67,30
2021-05-23 08:19:52,46,25,72,66,29
2021-05-23 08:34:55,45,24,68,66,27
2021-05-23 08:49:59,44,18,66,65,27
2021-05-23 09:05:02,44,13,68,63,25
2021-05-23 09:20:07,43,7,66,62,22
2021-05-23 09:35:11,43,9,64,60,19
2021-05-23 09:50:15,42,4,64,54,15
2021-05-23 10:05:19,42,0,64,52,15
2021-05-23 10:20:23,39,0,66,51,13
2021-05-23 10:35:28,39,0,66,49,11
2021-05-23 10:50:32,37,0,66,45,9
2021-05-23 11:05:35,38,0,64,44,7
2021-05-23 11:20:40,37,0,66,44,6
2021-05-23 11:35:45,37,0,66,43,4
2021-05-23 11:50:48,37,0,62,42,2
2021-05-23 12:05:52,37,0,62,41,2
2021-05-23 12:20:56,36,0,62,39,0
2021-05-23 12:36:00,36,0,62,38,0
2021-05-23 12:51:04,36,0,62,34,0
2021-05-23 13:06:08,36,0,60,29,0
2021-05-23 13:21:13,36,0,62,27,0
2021-05-23 13:36:18,35,1,62,25,0
2021-05-23 13:51:23,34,0,64,18,0
2021-05-23 14:06:27,34,0,62,18,0
2021-05-23 14:21:31,34,0,64,15,0
2021-05-23 14:36:35,33,0,60,16,0
2021-05-23 14:51:40,32,0,60,9,0
2021-05-23 15:06:44,32,0,62,8,0
2021-05-23 15:21:49,32,0,58,5,0
2021-05-23 15:36:53,30,0,58,6,0
2021-05-23 15:51:58,30,0,58,3,0
2021-05-23 16:07:02,30,0,58,0,0
2021-05-23 16:22:06,28,0,58,0,0
2021-05-23 16:37:10,29,0,58,0,0
2021-05-23 16:52:15,28,0,58,0,0
2021-05-23 17:07:19,28,0,58,0,0
2021-05-23 17:22:24,28,0,58,0,0
2021-05-23 17:37:28,27,0,58,0,0
2021-05-23 17:52:33,27,0,58,0,0
2021-05-23 18:07:37,27,0,56,0,0
2021-05-23 18:22:44,27,0,56,0,0
2021-05-23 18:37:48,27,0,54,0,0
2021-05-23 18:52:52,25,0,56,0,0
2021-05-23 19:11:56,25,0,54,0,0
2021-05-23 19:27:56,23,0,54,0,0
2021-05-23 19:43:00,22,0,54,0,0
2021-05-23 19:58:04,18,0,54,0,0
2021-05-23 20:13:08,19,0,52,0,0
2021-05-23 20:28:13,18,0,50,0,0
2021-05-23 20:43:17,18,0,50,0,0
2021-05-23 20:58:21,17,0,48,0,0
2021-05-23 21:13:25,16,0,48,0,0
2021-05-23 21:28:29,16,0,48,0,0
2021-05-23 21:43:32,16,0,48,0,0
2021-05-23 21:58:36,16,0,48,0,0
2021-05-23 22:13:40,15,0,48,0,0
2021-05-23 22:28:44,15,0,46,0,0
2021-05-23 22:43:48,15,0,46,0,0
2021-05-23 22:58:52,15,0,46,0,0
2021-05-23 23:13:56,13,0,46,0,0
2021-05-23 23:29:00,14,0,46,0,0
2021-05-23 23:44:06,14,0,46,0,0
2021-05-23 23:59:10,14,0,46,0,0
2021-05-24 00:14:14,14,0,46,71,72
2021-05-24 00:29:19,14,0,46,66,73
2021-05-24 00:44:25,14,0,46,61,73
2021-05-24 00:59:29,14,0,48,59,72
2021-05-24 01:14:35,14,0,48,59,72
2021-05-24 01:29:40,14,0,48,57,72
2021-05-24 01:44:44,14,0,48,56,72
2021-05-24 01:59:49,14,0,48,57,72
2021-05-24 02:14:54,14,0,48,57,72
2021-05-24 02:29:59,14,0,48,57,71
2021-05-24 02:45:04,14,0,48,57,71
2021-05-24 03:00:09,14,0,48,57,71
2021-05-24 03:15:14,14,0,44,57,71
2021-05-24 03:30:19,14,0,44,55,71
2021-05-24 03:45:24,14,0,44,55,71
2021-05-24 04:00:29,14,0,44,55,71
2021-05-24 04:15:33,14,0,44,55,71
2021-05-24 04:30:37,14,0,44,55,71
2021-05-24 04:45:42,13,0,44,55,71
2021-05-24 05:00:47,13,0,44,54,71
2021-05-24 05:15:52,13,0,44,54,71
2021-05-24 05:30:56,13,0,42,53,71
2021-05-24 05:46:02,13,0,40,52,69
2021-05-24 06:01:06,13,0,40,47,68
2021-05-24 06:16:10,12,0,38,42,67
2021-05-24 06:31:15,10,0,38,42,65
2021-05-24 06:46:20,9,0,38,37,62
2021-05-24 07:01:24,9,0,38,31,60
2021-05-24 07:16:28,9,0,34,26,58
2021-05-24 07:31:32,8,0,36,13,57
2021-05-24 07:46:38,8,0,34,3,54
2021-05-24 08:01:43,7,95,30,1,52
2021-05-24 08:16:49,7,93,30,1,53
2021-05-24 08:31:55,6,92,38,0,49
2021-05-24 08:47:00,5,89,38,0,50
2021-05-24 09:02:05,3,93,32,1,48
2021-05-24 09:17:10,2,93,30,0,49
2021-05-24 09:32:16,3,90,28,0,47
2021-05-24 09:47:21,3,88,28,1,46
2021-05-24 10:02:27,2,88,22,1,44
2021-05-24 10:17:32,0,88,22,0,43
2021-05-24 10:32:37,0,86,26,0,41
2021-05-24 10:47:43,0,84,20,0,41
2021-05-24 11:02:47,0,83,20,0,41
2021-05-24 11:17:54,0,84,22,0,41
2021-05-24 11:33:00,0,80,22,0,39
2021-05-24 11:48:05,1,82,22,0,40
2021-05-24 12:03:11,0,82,22,0,37
2021-05-24 12:18:16,1,81,16,0,36
2021-05-24 12:33:23,0,80,20,0,35
2021-05-24 12:48:29,0,80,18,0,34
2021-05-24 13:03:34,0,77,18,0,33
2021-05-24 13:18:40,0,77,16,0,32
2021-05-24 13:33:46,0,77,20,0,31
2021-05-24 13:48:51,0,77,16,0,31
2021-05-24 14:03:56,0,75,16,0,31
2021-05-24 14:19:01,0,74,16,0,30
2021-05-24 14:34:07,0,74,16,0,31
2021-05-24 14:49:14,0,73,12,0,31
2021-05-24 15:04:20,0,73,14,1,31
2021-05-24 15:19:25,0,73,12,0,30
2021-05-24 15:34:30,0,73,10,0,31
2021-05-24 15:49:36,0,72,10,0,30
2021-05-24 16:04:41,0,72,10,1,29
2021-05-24 16:19:47,0,71,10,0,31
2021-05-24 16:34:52,0,71,10,0,30
2021-05-24 16:49:57,0,70,14,0,29
2021-05-24 17:05:04,0,69,10,0,29
2021-05-24 17:20:11,0,69,10,0,28
2021-05-24 17:35:15,0,70,8,0,26
2021-05-24 17:50:22,0,70,8,0,25
2021-05-24 18:05:28,0,68,8,0,25
2021-05-24 18:20:33,0,67,8,0,25
2021-05-24 18:35:38,1,67,8,0,24
2021-05-24 18:50:45,1,66,8,0,24
2021-05-24 19:05:51,0,66,6,0,23
2021-05-24 19:20:56,2,66,6,0,23
2021-05-24 19:36:02,0,64,4,0,23
2021-05-24 19:51:09,0,64,4,0,23
2021-05-24 20:06:13,0,63,4,0,22
2021-05-24 20:21:19,0,63,4,0,23
2021-05-24 20:36:26,1,62,2,0,22
2021-05-24 20:51:31,0,62,0,0,23
2021-05-24 21:06:38,0,62,2,0,23
2021-05-24 21:21:44,0,62,2,0,22
2021-05-24 21:36:49,0,62,2,0,22
2021-05-24 21:51:54,0,62,2,0,22
2021-05-24 22:06:59,1,62,0,0,22
2021-05-24 22:22:04,0,62,0,0,22
2021-05-24 22:37:09,1,60,0,0,22
2021-05-24 22:52:15,0,60,0,0,22
2021-05-24 23:07:20,1,60,0,0,21
2021-05-24 23:22:26,0,60,0,0,21
2021-05-24 23:37:31,0,61,0,0,21
2021-05-24 23:52:37,0,61,0,0,21
2021-05-25 00:07:42,0,61,0,34,21
2021-05-25 00:22:49,0,61,0,34,21
2021-05-25 00:37:55,0,61,0,35,21
2021-05-25 00:53:03,1,61,0,34,21
2021-05-25 01:08:08,0,61,0,34,22
2021-05-25 01:23:14,0,61,0,34,22
2021-05-25 01:38:20,0,61,0,34,22
2021-05-25 01:53:25,0,61,0,34,21
2021-05-25 02:08:30,0,61,0,34,21
2021-05-25 02:23:35,0,61,0,34,21
2021-05-25 02:38:40,0,61,0,34,21
2021-05-25 02:53:46,0,61,0,34,21
2021-05-25 03:08:52,0,61,0,34,21
2021-05-25 03:23:57,0,61,0,34,21
2021-05-25 03:39:03,0,61,0,34,21
2021-05-25 03:54:08,0,61,0,34,21
2021-05-25 04:09:13,0,61,0,34,21
2021-05-25 04:24:18,0,61,0,34,21
2021-05-25 04:39:23,0,61,0,33,21
2021-05-25 04:54:28,0,61,0,32,21
2021-05-25 05:09:32,0,61,0,32,21
2021-05-25 05:24:38,0,61,0,32,21
2021-05-25 05:39:43,0,61,0,32,21
2021-05-25 05:54:50,0,61,0,31,21
2021-05-25 06:09:55,0,60,0,31,21
2021-05-25 06:25:00,0,60,0,31,21
2021-05-25 06:40:05,0,60,0,32,21
2021-05-25 06:55:11,0,60,0,31,21
2021-05-25 07:10:16,0,60,0,30,21
2021-05-25 07:25:22,0,59,0,29,21
2021-05-25 07:40:26,0,59,0,28,21
2021-05-25 07:55:31,0,59,0,30,20
2021-05-25 08:10:38,1,58,0,30,21
2021-05-25 08:25:43,0,59,4,29,20
2021-05-25 08:40:49,1,60,4,28,20
2021-05-25 08:55:56,0,60,4,27,21
2021-05-25 09:11:02,1,58,0,27,21
2021-05-25 09:26:09,0,59,2,26,21
2021-05-25 09:41:15,1,60,4,26,19
2021-05-25 09:56:20,0,61,4,25,19
2021-05-25 10:11:27,0,60,2,21,19
2021-05-25 10:26:34,0,60,2,21,17
2021-05-25 10:41:39,0,58,2,19,16
2021-05-25 10:56:44,0,58,2,20,16
2021-05-25 11:11:52,0,60,4,21,16
2021-05-25 11:26:58,0,60,6,18,16
2021-05-25 11:42:04,2,58,0,17,15
2021-05-25 11:57:10,1,58,2,16,14
2021-05-25 12:12:17,0,56,4,15,14
2021-05-25 12:27:22,2,55,0,17,15
2021-05-25 12:42:28,2,53,2,15,15
2021-05-25 12:57:34,0,53,94,14,15
2021-05-25 13:12:41,0,53,92,15,16
2021-05-25 13:27:48,1,54,96,13,15
2021-05-25 13:42:55,1,54,90,12,14
2021-05-25 13:58:01,1,53,96,12,16
2021-05-25 14:13:07,0,52,94,13,15
2021-05-25 14:28:13,0,52,94,10,14
2021-05-25 14:43:18,0,53,92,13,15
2021-05-25 14:58:24,0,50,88,16,15
2021-05-25 15:13:32,0,44,88,5,12
2021-05-25 15:28:37,0,39,66,0,8
2021-05-25 15:43:42,0,25,22,0,0
2021-05-25 15:58:48,0,4,0,0,0
2021-05-25 16:13:53,0,0,0,0,0
2021-05-25 16:28:59,0,0,0,0,0
2021-05-25 16:44:04,0,0,0,0,0
2021-05-25 16:59:10,0,0,0,0,0
2021-05-25 17:14:15,0,0,0,0,0
2021-05-25 17:29:20,0,0,0,0,0
2021-05-25 17:44:28,0,0,0,0,0
2021-05-25 17:59:33,0,0,0,0,0
2021-05-25 18:14:39,0,0,0,0,0
2021-05-25 18:29:44,0,0,0,0,0
2021-05-25 18:44:50,0,0,0,0,0
2021-05-25 18:59:56,1,0,0,0,0
2021-05-25 19:15:02,0,0,0,0,0
2021-05-25 19:30:07,0,0,0,0,0
2021-05-25 19:45:13,0,0,0,0,0
2021-05-25 20:00:19,0,0,0,0,0
2021-05-25 20:15:24,0,0,0,0,0
2021-05-25 20:30:30,0,0,0,0,0
2021-05-25 20:45:36,0,0,0,0,0
2021-05-25 21:00:42,0,0,0,0,0
2021-05-25 21:15:48,0,0,0,0,0
2021-05-25 21:30:54,0,0,2,0,0
2021-05-25 21:46:02,0,0,0,0,0
2021-05-25 22:01:09,0,0,0,0,0
2021-05-25 22:16:15,0,0,0,0,0
2021-05-25 22:31:19,0,0,0,0,0
2021-05-25 22:46:26,0,0,0,0,0
2021-05-25 23:01:32,0,0,0,1,0
2021-05-25 23:16:40,0,0,0,0,0
2021-05-25 23:31:45,0,0,0,0,0
2021-05-25 23:46:51,0,0,0,0,0
2021-05-26 00:01:58,0,0,0,0,0
2021-05-26 00:17:03,0,0,0,0,0
2021-05-26 00:32:08,0,0,0,0,0
2021-05-26 00:47:13,0,0,0,0,0
2021-05-26 01:02:18,0,0,0,0,0
2021-05-26 01:17:23,0,0,0,0,0
2021-05-26 01:32:28,0,0,0,0,0
2021-05-26 01:47:33,0,0,0,0,0
2021-05-26 02:02:39,0,0,0,0,0
2021-05-26 02:17:44,0,0,0,0,0
2021-05-26 02:32:48,0,0,0,0,0
2021-05-26 02:47:53,0,0,0,0,0
2021-05-26 03:02:58,0,0,0,0,0
2021-05-26 03:18:03,0,0,0,0,0
2021-05-26 03:33:08,0,0,0,0,0
2021-05-26 03:48:14,0,0,0,0,0
2021-05-26 04:03:18,0,0,0,0,0
2021-05-26 04:18:24,0,0,0,0,0
2021-05-26 04:33:29,0,0,0,0,0
2021-05-26 04:48:34,0,0,0,0,0
2021-05-26 05:03:39,0,0,0,0,0
2021-05-26 05:18:44,0,0,0,0,0
2021-05-26 05:33:49,0,0,0,0,0
2021-05-26 05:48:54,0,0,0,0,0
2021-05-26 06:03:59,0,0,0,0,0
2021-05-26 06:19:04,0,0,0,0,0
2021-05-26 06:34:09,0,0,0,0,0
2021-05-26 06:49:14,0,0,0,0,0
2021-05-26 07:04:18,0,0,0,0,0
2021-05-26 07:19:23,0,0,0,0,0
2021-05-26 07:34:27,0,0,0,0,0
2021-05-26 07:49:34,1,0,0,0,0
2021-05-26 08:04:40,0,0,0,0,0
2021-05-26 08:19:45,0,0,0,0,0
2021-05-26 08:34:50,0,0,0,0,0
2021-05-26 08:49:56,0,0,0,0,0
2021-05-26 09:05:01,0,0,0,0,0
2021-05-26 09:20:07,0,0,0,0,0
2021-05-26 09:35:13,0,0,0,0,0
2021-05-26 09:50:17,0,0,0,0,0
2021-05-26 10:05:22,0,0,0,0,0
2021-05-26 10:20:27,0,0,0,0,0
2021-05-26 10:35:32,0,0,0,0,0
2021-05-26 10:50:36,0,0,0,0,0
2021-05-26 11:05:41,0,0,0,0,0
2021-05-26 11:20:48,0,0,0,0,0
2021-05-26 11:35:53,0,0,0,0,0
2021-05-26 11:50:58,0,0,0,0,0
2021-05-26 12:06:03,0,0,0,0,0
2021-05-26 12:21:08,0,0,0,0,0
2021-05-26 12:36:13,0,0,0,0,0
2021-05-26 12:51:20,0,0,0,0,0
2021-05-26 13:06:25,0,0,0,0,0
2021-05-26 13:21:30,0,0,0,0,0
2021-05-26 13:36:35,0,0,0,0,0
2021-05-26 13:51:40,0,0,0,0,0
2021-05-26 14:06:45,0,0,0,0,0
2021-05-26 14:21:51,0,0,0,0,0
2021-05-26 14:36:57,0,0,0,0,0
2021-05-26 14:52:03,0,0,0,0,0
2021-05-26 15:07:09,0,0,0,0,0
2021-05-26 15:22:15,0,0,0,0,0
2021-05-26 15:37:20,0,0,0,0,0
2021-05-26 15:52:26,0,0,0,0,0
2021-05-26 16:07:31,0,0,0,0,0
2021-05-26 16:22:38,0,0,0,0,0
2021-05-26 16:37:43,0,0,0,0,0
2021-05-26 16:52:47,0,0,0,0,0
2021-05-26 17:30:03,0,0,0,0,0
2021-05-26 17:45:08,0,0,0,0,0
2021-05-26 18:00:14,0,0,0,0,0
2021-05-26 18:15:18,0,0,0,0,0
2021-05-26 18:30:24,0,0,0,0,0
2021-05-26 18:45:30,0,0,0,0,0
2021-05-26 19:00:35,0,0,0,0,0
2021-05-26 19:15:40,0,0,0,0,0
2021-05-26 19:30:44,0,0,0,0,0
2021-05-26 19:45:49,0,0,0,0,0
2021-05-26 20:00:05,0,0,0,0,0
2021-05-26 20:15:09,0,0,0,0,0
2021-05-26 20:30:14,0,0,0,0,0
2021-05-26 20:45:19,0,0,0,0,0
2021-05-26 21:00:24,0,0,0,0,0
2021-05-26 21:15:29,0,0,0,0,0
2021-05-26 21:30:34,0,0,0,0,0
2021-05-26 21:45:38,0,0,0,0,0
2021-05-26 22:00:43,0,0,0,0,0
2021-05-26 22:15:48,0,0,0,0,0
2021-05-26 22:30:54,0,0,0,0,0
2021-05-26 22:45:58,0,0,0,0,0
2021-05-26 23:01:03,0,0,0,0,0
2021-05-26 23:16:08,0,0,0,0,0
2021-05-26 23:31:13,0,0,0,0,0
2021-05-26 23:46:19,0,0,0,0,0
2021-05-27 00:01:23,0,0,0,0,0
2021-05-27 00:16:27,0,0,0,0,0
2021-05-27 00:31:30,0,0,0,0,0
2021-05-27 00:46:33,0,0,0,0,0
2021-05-27 01:01:37,0,0,0,0,0
2021-05-27 01:16:40,0,0,0,0,0
2021-05-27 01:31:43,0,0,0,0,0
2021-05-27 01:46:46,0,0,0,0,0
2021-05-27 02:01:49,0,0,0,0,0
2021-05-27 02:16:53,0,0,0,0,0
2021-05-27 02:31:56,0,0,0,0,0
2021-05-27 02:46:59,0,0,0,0,0
2021-05-27 03:02:02,0,0,0,0,0
2021-05-27 03:17:06,0,0,0,0,0
2021-05-27 03:32:09,0,0,0,0,0
2021-05-27 03:47:12,0,0,0,0,0
2021-05-27 04:02:16,0,0,0,0,0
2021-05-27 04:17:19,0,0,0,0,0
2021-05-27 04:32:23,0,0,0,0,0
2021-05-27 04:47:27,0,0,0,0,0
2021-05-27 05:02:30,0,0,0,0,0
2021-05-27 05:17:33,0,0,0,0,0
2021-05-27 05:32:36,0,0,0,0,0
2021-05-27 05:47:40,0,0,0,0,0
2021-05-27 06:02:43,0,0,0,0,0
2021-05-27 06:17:47,0,0,0,0,0
2021-05-27 06:32:50,0,0,0,0,0
2021-05-27 06:47:53,0,0,0,0,0
2021-05-27 07:02:57,0,0,0,0,0
2021-05-27 07:18:00,0,0,0,0,0
2021-05-27 07:33:03,0,0,0,0,0
2021-05-27 07:48:07,0,0,0,0,0
2021-05-27 08:03:10,0,0,0,0,0
2021-05-27 08:18:14,0,0,0,0,0
2021-05-27 08:33:18,0,0,0,0,0
2021-05-27 08:48:21,0,0,0,0,0
2021-05-27 09:03:24,0,0,0,0,0
2021-05-27 09:18:27,0,0,0,0,0
2021-05-27 09:33:31,0,0,0,0,0
2021-05-27 09:48:34,0,0,0,0,0
2021-05-27 10:03:37,0,0,0,0,0
2021-05-27 10:18:40,0,0,0,0,0
2021-05-27 10:33:44,0,0,0,0,0
2021-05-27 10:48:47,0,0,0,0,0
2021-05-27 11:03:50,0,0,0,0,0
2021-05-27 11:18:54,0,0,0,0,0
2021-05-27 11:33:58,0,0,0,0,0
2021-05-27 11:49:02,0,0,0,0,0
2021-05-27 12:04:05,0,0,0,0,0
2021-05-27 12:19:08,0,0,0,0,0
2021-05-27 12:34:12,0,0,0,0,0
2021-05-27 12:49:15,0,0,0,0,0
2021-05-27 13:04:19,0,0,0,0,0
2021-05-27 13:19:23,0,0,0,0,0
2021-05-27 13:34:26,0,0,0,1,0
2021-05-27 13:49:31,0,0,0,0,0
2021-05-27 14:04:34,0,0,0,0,0
2021-05-27 14:19:38,0,0,0,0,0
2021-05-27 14:34:42,0,0,0,0,0
2021-05-27 14:49:45,0,0,0,0,0
2021-05-27 15:04:48,0,0,0,0,0
2021-05-27 15:19:52,0,0,0,0,0
2021-05-27 15:34:56,0,0,0,0,0
2021-05-27 15:50:01,0,0,0,0,0
2021-05-27 16:05:04,0,0,0,0,0
2021-05-27 16:20:07,0,0,0,0,0
2021-05-27 16:35:11,0,0,0,0,0
2021-05-27 16:50:15,0,0,0,0,0
2021-05-27 17:05:19,0,0,0,0,0
2021-05-27 17:20:22,0,0,0,0,0
2021-05-27 17:35:27,0,0,0,0,0
2021-05-27 17:50:30,0,0,0,0,0
2021-05-27 18:05:34,0,0,0,0,0
2021-05-27 18:20:37,0,0,0,0,0
2021-05-27 18:35:41,0,0,0,0,0
2021-05-27 18:50:44,0,0,0,0,0
2021-05-27 19:05:47,0,0,0,0,0
2021-05-27 19:20:56,0,0,0,0,0
2021-05-27 19:36:00,0,0,0,0,0
2021-05-27 19:51:03,0,0,0,0,0
2021-05-27 20:06:06,0,0,0,0,0
2021-05-27 20:21:10,0,0,0,0,0
2021-05-27 20:36:13,0,0,0,0,0
2021-05-27 20:51:17,0,0,0,0,0
2021-05-27 21:06:20,0,0,0,0,0
2021-05-27 21:21:24,0,0,0,0,0
2021-05-27 21:36:27,0,0,0,0,0
2021-05-27 21:51:31,0,0,0,0,0
2021-05-27 22:06:34,0,0,0,0,0
2021-05-27 22:21:37,0,0,0,0,0
2021-05-27 22:36:40,0,0,0,0,0
2021-05-27 22:51:43,0,0,0,0,0
2021-05-27 23:06:47,0,0,0,0,0
2021-05-27 23:21:50,0,0,0,0,0
2021-05-27 23:36:53,0,0,0,0,0
2021-05-27 23:51:57,0,0,0,0,0
2021-05-28 00:07:00,0,0,0,0,0
2021-05-28 00:22:02,0,0,0,0,0
2021-05-28 00:37:04,0,0,0,0,0
2021-05-28 00:52:06,0,0,0,0,0
2021-05-28 01:07:08,0,0,0,0,0
2021-05-28 01:22:10,0,0,0,0,0
2021-05-28 01:37:12,0,0,0,0,0
2021-05-28 01:52:14,0,0,0,0,0
2021-05-28 02:07:16,0,0,0,0,0
2021-05-28 02:22:18,0,0,0,0,0
2021-05-28 02:37:19,0,0,0,0,0
2021-05-28 02:52:21,0,0,0,0,0
2021-05-28 03:07:23,0,0,0,0,0
2021-05-28 03:22:25,0,0,0,0,0
2021-05-28 03:37:27,0,0,0,0,0
2021-05-28 03:52:29,0,0,0,0,0
2021-05-28 04:07:31,0,0,0,0,0
2021-05-28 04:22:33,0,0,0,0,0
2021-05-28 04:37:35,0,0,0,0,0
2021-05-28 04:52:37,0,0,0,0,0
2021-05-28 05:07:39,0,0,0,0,0
2021-05-28 05:22:41,0,0,0,0,0
2021-05-28 05:37:43,0,0,0,0,0
2021-05-28 05:52:45,0,0,0,0,0
2021-05-28 06:07:47,0,0,0,0,0
2021-05-28 06:22:49,0,0,0,0,0
2021-05-28 06:37:50,0,0,0,0,0
2021-05-28 06:52:52,0,0,0,0,0
2021-05-28 07:07:54,0,0,0,0,0
2021-05-28 07:22:56,0,0,0,0,0
2021-05-28 07:37:58,0,0,0,0,0
2021-05-28 07:53:00,0,0,0,0,0
2021-05-28 08:08:02,0,0,0,0,0
2021-05-28 08:23:04,0,0,0,0,0
2021-05-28 08:38:06,0,0,0,0,0
2021-05-28 08:53:08,0,0,0,0,0
2021-05-28 09:08:10,0,0,0,0,0
2021-05-28 09:23:12,0,0,0,0,0
2021-05-28 09:38:14,0,0,0,0,0
2021-05-28 09:53:16,0,0,0,0,0
2021-05-28 10:08:18,0,0,0,0,0
2021-05-28 10:23:20,0,0,0,0,0
2021-05-28 10:38:22,0,0,0,0,0
2021-05-28 10:53:24,0,0,0,0,0
2021-05-28 11:08:25,0,0,0,0,0
2021-05-28 11:23:27,0,0,0,0,0
2021-05-28 11:38:29,0,0,0,0,0
2021-05-28 11:53:31,0,0,0,0,0
2021-05-28 12:08:33,0,0,0,0,0
2021-05-28 12:23:35,0,0,0,0,0
2021-05-28 12:38:37,0,0,0,0,0
2021-05-28 12:53:39,0,0,0,0,0
2021-05-28 13:08:41,0,0,0,0,0
2021-05-28 13:23:43,0,0,0,0,0
2021-05-28 13:38:45,0,0,0,0,0
2021-05-28 13:53:47,0,0,0,0,0
2021-05-28 14:08:49,0,0,0,0,0
2021-05-28 14:23:51,0,0,0,0,0
2021-05-28 14:38:53,0,0,0,0,0
2021-05-28 14:53:55,0,0,0,0,0
2021-05-28 15:08:57,0,0,0,0,0
2021-05-28 15:23:59,0,0,0,0,0
2021-05-28 15:39:01,0,0,0,0,0
2021-05-28 15:54:02,0,0,0,0,0
2021-05-28 16:09:05,0,0,0,0,0
2021-05-28 16:24:06,0,0,0,0,0
2021-05-28 16:39:08,0,0,0,0,0
2021-05-28 16:54:10,0,0,0,0,0
2021-05-28 17:09:12,0,0,0,0,0
2021-05-28 17:24:14,0,0,0,0,0
2021-05-28 17:39:16,0,0,0,0,0
2021-05-28 17:54:18,0,0,0,0,0
2021-05-28 18:09:20,0,0,0,0,0
2021-05-28 18:24:22,0,0,0,0,0
2021-05-28 18:39:24,0,0,0,0,0
2021-05-28 18:54:26,0,0,0,0,0
2021-05-28 19:09:28,0,0,0,0,0
2021-05-28 19:24:30,0,0,0,0,0
2021-05-28 19:39:32,0,0,0,0,0
2021-05-28 19:54:34,0,0,0,0,0
2021-05-28 20:09:36,0,0,0,0,0
2021-05-28 20:24:38,0,0,0,0,0
2021-05-28 20:39:40,0,0,0,0,0
2021-05-28 20:54:42,0,0,0,0,0
2021-05-28 21:09:44,0,0,0,0,0
2021-05-28 21:24:46,0,0,0,0,0
2021-05-28 21:39:48,0,0,0,0,0
2021-05-28 21:54:55,0,0,0,0,0
2021-05-28 22:09:57,0,0,0,0,0
2021-05-28 22:24:59,0,0,0,0,0
2021-05-28 22:40:00,0,0,0,0,0
2021-05-28 22:55:02,0,0,0,0,0
2021-05-28 23:10:04,0,0,0,0,0
2021-05-28 23:25:06,0,0,0,0,0
2021-05-28 23:40:08,0,0,0,0,0
2021-05-28 23:55:10,0,0,0,0,0
2021-05-29 00:10:12,16,0,0,0,0
2021-05-29 00:25:15,16,0,0,0,0
2021-05-29 00:40:18,13,0,0,0,0
2021-05-29 00:55:20,13,0,0,0,0
2021-05-29 01:10:22,13,0,0,0,0
2021-05-29 01:25:25,11,0,0,0,0
2021-05-29 01:40:27,11,0,0,0,0
2021-05-29 01:55:30,11,0,0,0,0
2021-05-29 02:10:32,10,0,0,0,0
2021-05-29 02:25:35,9,0,0,0,0
2021-05-29 02:40:37,9,0,0,0,0
2021-05-29 02:55:40,8,0,0,0,0
2021-05-29 03:10:42,8,0,0,0,0
2021-05-29 03:25:44,8,0,0,0,0
2021-05-29 03:40:47,7,0,0,0,0
2021-05-29 03:55:49,7,0,0,0,0
2021-05-29 04:10:51,6,0,0,0,0
2021-05-29 04:25:54,7,0,0,0,0
2021-05-29 04:40:57,6,0,0,0,0
2021-05-29 04:55:59,5,0,0,0,0
2021-05-29 05:11:02,6,0,0,0,0
2021-05-29 05:26:05,5,0,0,0,0
2021-05-29 05:41:07,4,0,0,0,0
2021-05-29 05:56:10,3,0,0,0,0
2021-05-29 06:11:13,2,0,0,0,0
2021-05-29 06:26:15,0,0,0,0,0
2021-05-29 06:41:18,0,0,0,0,0
2021-05-29 06:56:20,0,0,0,0,0
2021-05-29 07:11:23,0,0,0,0,0
2021-05-29 07:26:25,0,0,0,0,0
2021-05-29 07:41:27,0,0,0,0,0
2021-05-29 07:56:30,0,0,0,0,0
2021-05-29 08:11:32,0,0,0,0,0
2021-05-29 08:26:34,0,0,0,0,0
2021-05-29 08:41:37,0,0,0,0,0
2021-05-29 08:56:39,0,0,0,0,0
2021-05-29 09:11:41,0,0,0,0,0
2021-05-29 09:26:44,0,0,0,0,0
2021-05-29 09:41:46,0,0,0,0,0